SetLocation,-956.389906,1087.722260,6347.015442
SetRotation,-0.458302,0.000000,-0.888797,0.178687,0.979582,-0.092139,0.870650,-0.201043,-0.448944
EndFrame
SetLocation,-956.389906,1087.722260,6347.015442
SetRotation,-0.458302,0.000000,-0.888797,0.178687,0.979582,-0.092139,0.870650,-0.201043,-0.448944
EndFrame
SetLocation,-956.389906,1087.722260,6347.015442
SetRotation,-0.458302,0.000000,-0.888797,0.178687,0.979582,-0.092139,0.870650,-0.201043,-0.448944
EndFrame
SetLocation,-956.389906,1087.722260,6347.015442
SetRotation,-0.458302,0.000000,-0.888797,0.178687,0.979582,-0.092139,0.870650,-0.201043,-0.448944
EndFrame
SetLocation,-956.389906,1087.722260,6347.015442
SetRotation,-0.458302,0.000000,-0.888797,0.178687,0.979582,-0.092139,0.870650,-0.201043,-0.448944
EndFrame
SetLocation,-956.389906,1087.722260,6347.015442
SetRotation,-0.458302,0.000000,-0.888797,0.178687,0.979582,-0.092139,0.870650,-0.201043,-0.448944
EndFrame
SetLocation,-956.389906,1087.722260,6347.015442
SetRotation,-0.458302,0.000000,-0.888797,0.178687,0.979582,-0.092139,0.870650,-0.201043,-0.448944
EndFrame
SetLocation,-956.389906,1087.722260,6347.015442
SetRotation,-0.458302,0.000000,-0.888797,0.178687,0.979582,-0.092139,0.870650,-0.201043,-0.448944
EndFrame
SetLocation,-956.389906,1087.722260,6347.015442
SetRotation,-0.458302,0.000000,-0.888797,0.178687,0.979582,-0.092139,0.870650,-0.201043,-0.448944
EndFrame
SetLocation,-956.389906,1087.722260,6347.015442
SetRotation,-0.458302,0.000000,-0.888797,0.178687,0.979582,-0.092139,0.870650,-0.201043,-0.448944
EndFrame
SetLocation,-956.389906,1087.722260,6347.015442
SetRotation,-0.458302,0.000000,-0.888797,0.178687,0.979582,-0.092139,0.870650,-0.201043,-0.448944
EndFrame
SetLocation,-956.389906,1087.722260,6347.015442
SetRotation,-0.458302,0.000000,-0.888797,0.178687,0.979582,-0.092139,0.870650,-0.201043,-0.448944
EndFrame
SetLocation,-956.389906,1087.722260,6347.015442
SetRotation,-0.458302,0.000000,-0.888797,0.178687,0.979582,-0.092139,0.870650,-0.201043,-0.448944
EndFrame
SetLocation,-956.389906,1087.722260,6347.015442
SetRotation,-0.458302,0.000000,-0.888797,0.178687,0.979582,-0.092139,0.870650,-0.201043,-0.448944
EndFrame
SetLocation,-956.389906,1087.722260,6347.015442
SetRotation,-0.458302,0.000000,-0.888797,0.178687,0.979582,-0.092139,0.870650,-0.201043,-0.448944
EndFrame
SetLocation,-956.389906,1087.722260,6347.015442
SetRotation,-0.458302,0.000000,-0.888797,0.178687,0.979582,-0.092139,0.870650,-0.201043,-0.448944
EndFrame
SetLocation,-956.389906,1087.722260,6347.015442
SetRotation,-0.458302,0.000000,-0.888797,0.178687,0.979582,-0.092139,0.870650,-0.201043,-0.448944
EndFrame
SetLocation,-956.389906,1087.722260,6347.015442
SetRotation,-0.458302,0.000000,-0.888797,0.178687,0.979582,-0.092139,0.870650,-0.201043,-0.448944
EndFrame
SetLocation,-956.389906,1087.722260,6347.015442
SetRotation,-0.458302,0.000000,-0.888797,0.178687,0.979582,-0.092139,0.870650,-0.201043,-0.448944
EndFrame
SetLocation,-956.389906,1087.722260,6347.015442
SetRotation,-0.458302,0.000000,-0.888797,0.178687,0.979582,-0.092139,0.870650,-0.201043,-0.448944
EndFrame
SetLocation,-956.389906,1087.722260,6347.015442
SetRotation,-0.458302,0.000000,-0.888797,0.178687,0.979582,-0.092139,0.870650,-0.201043,-0.448944
EndFrame
SetLocation,-956.389906,1087.722260,6347.015442
SetRotation,-0.458302,0.000000,-0.888797,0.178687,0.979582,-0.092139,0.870650,-0.201043,-0.448944
EndFrame
SetLocation,-956.389906,1087.722260,6347.015442
SetRotation,-0.458302,0.000000,-0.888797,0.178687,0.979582,-0.092139,0.870650,-0.201043,-0.448944
EndFrame
SetLocation,-956.389906,1087.722260,6347.015442
SetRotation,-0.458302,0.000000,-0.888797,0.178687,0.979582,-0.092139,0.870650,-0.201043,-0.448944
EndFrame
SetLocation,-956.389906,1087.722260,6347.015442
SetRotation,-0.458302,0.000000,-0.888797,0.178687,0.979582,-0.092139,0.870650,-0.201043,-0.448944
EndFrame
SetLocation,-956.389906,1087.722260,6347.015442
SetRotation,-0.458302,0.000000,-0.888797,0.178687,0.979582,-0.092139,0.870650,-0.201043,-0.448944
EditCopy,15919.000000,32934.000000,25345.000000,15983.000000,32860.000000,25406.000000,16284.000000,32748.000000,26385.000000,1.000000
EndFrame
SetLocation,-956.389906,1087.722260,6347.015442
SetRotation,-0.458302,0.000000,-0.888797,0.178687,0.979582,-0.092139,0.870650,-0.201043,-0.448944
EditCopy,15919.000000,32934.000000,25345.000000,15983.000000,32860.000000,25406.000000,16284.000000,32748.000000,26385.000000,2.000000
EndFrame
SetLocation,-956.389906,1087.722260,6347.015442
SetRotation,-0.458302,0.000000,-0.888797,0.178687,0.979582,-0.092139,0.870650,-0.201043,-0.448944
EditCopy,15916.000000,32935.000000,25342.000000,15983.000000,32860.000000,25406.000000,16284.000000,32748.000000,26385.000000,3.000000
EndFrame
SetLocation,-956.389906,1087.722260,6347.015442
SetRotation,-0.458302,0.000000,-0.888797,0.178687,0.979582,-0.092139,0.870650,-0.201043,-0.448944
EditCopy,15916.000000,32935.000000,25342.000000,15983.000000,32860.000000,25406.000000,16284.000000,32748.000000,26385.000000,4.000000
EndFrame
SetLocation,-956.389906,1087.722260,6347.015442
SetRotation,-0.458302,0.000000,-0.888797,0.178687,0.979582,-0.092139,0.870650,-0.201043,-0.448944
EditCopy,15915.000000,32980.000000,25327.000000,15983.000000,32860.000000,25406.000000,16284.000000,32748.000000,26385.000000,5.000000
EndFrame
SetLocation,-956.389906,1087.722260,6347.015442
SetRotation,-0.458302,0.000000,-0.888797,0.178687,0.979582,-0.092139,0.870650,-0.201043,-0.448944
EditCopy,15915.000000,32983.000000,25327.000000,15983.000000,32860.000000,25406.000000,16284.000000,32748.000000,26385.000000,6.000000
EndFrame
SetLocation,-956.389906,1087.722260,6347.015442
SetRotation,-0.458302,0.000000,-0.888797,0.178687,0.979582,-0.092139,0.870650,-0.201043,-0.448944
EditCopy,15915.000000,32983.000000,25327.000000,15983.000000,32860.000000,25406.000000,16284.000000,32748.000000,26385.000000,7.000000
EndFrame
SetLocation,-956.389906,1087.722260,6347.015442
SetRotation,-0.458302,0.000000,-0.888797,0.178687,0.979582,-0.092139,0.870650,-0.201043,-0.448944
EditCopy,15915.000000,32983.000000,25327.000000,15983.000000,32860.000000,25406.000000,16284.000000,32748.000000,26385.000000,8.000000
EndFrame
SetLocation,-956.389906,1087.722260,6347.015442
SetRotation,-0.458302,0.000000,-0.888797,0.178687,0.979582,-0.092139,0.870650,-0.201043,-0.448944
EditCopy,15921.000000,33010.000000,25328.000000,15983.000000,32860.000000,25406.000000,16284.000000,32748.000000,26385.000000,9.000000
EndFrame
SetLocation,-956.389906,1087.722260,6347.015442
SetRotation,-0.458302,0.000000,-0.888797,0.178687,0.979582,-0.092139,0.870650,-0.201043,-0.448944
EditCopy,15926.000000,33020.000000,25332.000000,15983.000000,32860.000000,25406.000000,16284.000000,32748.000000,26385.000000,10.000000
EndFrame
SetLocation,-956.389906,1087.722260,6347.015442
SetRotation,-0.458302,0.000000,-0.888797,0.178687,0.979582,-0.092139,0.870650,-0.201043,-0.448944
EditCopy,15926.000000,33020.000000,25332.000000,15983.000000,32860.000000,25406.000000,16284.000000,32748.000000,26385.000000,11.000000
EndFrame
SetLocation,-956.389906,1087.722260,6347.015442
SetRotation,-0.458302,0.000000,-0.888797,0.178687,0.979582,-0.092139,0.870650,-0.201043,-0.448944
EditCopy,15926.000000,33020.000000,25332.000000,15983.000000,32860.000000,25406.000000,16284.000000,32748.000000,26385.000000,12.000000
EndFrame
SetLocation,-956.389906,1087.722260,6347.015442
SetRotation,-0.458302,0.000000,-0.888797,0.178687,0.979582,-0.092139,0.870650,-0.201043,-0.448944
EditCopy,15929.000000,33041.000000,25330.000000,15983.000000,32860.000000,25406.000000,16284.000000,32748.000000,26385.000000,13.000000
EndFrame
SetLocation,-956.389906,1087.722260,6347.015442
SetRotation,-0.458302,0.000000,-0.888797,0.178687,0.979582,-0.092139,0.870650,-0.201043,-0.448944
EditCopy,15933.000000,33056.000000,25329.000000,15983.000000,32860.000000,25406.000000,16284.000000,32748.000000,26385.000000,14.000000
EndFrame
SetLocation,-956.389906,1087.722260,6347.015442
SetRotation,-0.458302,0.000000,-0.888797,0.178687,0.979582,-0.092139,0.870650,-0.201043,-0.448944
EditCopy,15937.000000,33080.000000,25327.000000,15983.000000,32860.000000,25406.000000,16284.000000,32748.000000,26385.000000,15.000000
EndFrame
SetLocation,-956.389906,1087.722260,6347.015442
SetRotation,-0.458302,0.000000,-0.888797,0.178687,0.979582,-0.092139,0.870650,-0.201043,-0.448944
EditCopy,15941.000000,33105.000000,25325.000000,15983.000000,32860.000000,25406.000000,16284.000000,32748.000000,26385.000000,16.000000
EndFrame
SetLocation,-956.389906,1087.722260,6347.015442
SetRotation,-0.458302,0.000000,-0.888797,0.178687,0.979582,-0.092139,0.870650,-0.201043,-0.448944
EditCopy,15945.000000,33137.000000,25323.000000,15983.000000,32860.000000,25406.000000,16284.000000,32748.000000,26385.000000,17.000000
EndFrame
SetLocation,-956.389906,1087.722260,6347.015442
SetRotation,-0.458302,0.000000,-0.888797,0.178687,0.979582,-0.092139,0.870650,-0.201043,-0.448944
EditCopy,15948.000000,33168.000000,25322.000000,15983.000000,32860.000000,25406.000000,16284.000000,32748.000000,26385.000000,18.000000
EndFrame
SetLocation,-956.389906,1087.722260,6347.015442
SetRotation,-0.458302,0.000000,-0.888797,0.178687,0.979582,-0.092139,0.870650,-0.201043,-0.448944
EditCopy,15953.000000,33206.000000,25321.000000,15983.000000,32860.000000,25406.000000,16284.000000,32748.000000,26385.000000,19.000000
EndFrame
SetLocation,-956.389906,1087.722260,6347.015442
SetRotation,-0.458302,0.000000,-0.888797,0.178687,0.979582,-0.092139,0.870650,-0.201043,-0.448944
EditCopy,15958.000000,33247.000000,25319.000000,15983.000000,32860.000000,25406.000000,16284.000000,32748.000000,26385.000000,20.000000
EndFrame
SetLocation,-956.389906,1087.722260,6347.015442
SetRotation,-0.458302,0.000000,-0.888797,0.178687,0.979582,-0.092139,0.870650,-0.201043,-0.448944
EditCopy,15964.000000,33295.000000,25318.000000,15983.000000,32860.000000,25406.000000,16284.000000,32748.000000,26385.000000,21.000000
EndFrame
SetLocation,-956.389906,1087.722260,6347.015442
SetRotation,-0.458302,0.000000,-0.888797,0.178687,0.979582,-0.092139,0.870650,-0.201043,-0.448944
EditCopy,15966.000000,33333.000000,25314.000000,15983.000000,32860.000000,25406.000000,16284.000000,32748.000000,26385.000000,22.000000
EndFrame
SetLocation,-956.389906,1087.722260,6347.015442
SetRotation,-0.458302,0.000000,-0.888797,0.178687,0.979582,-0.092139,0.870650,-0.201043,-0.448944
EditCopy,15974.000000,33382.000000,25314.000000,15983.000000,32860.000000,25406.000000,16284.000000,32748.000000,26385.000000,23.000000
EndFrame
SetLocation,-956.389906,1087.722260,6347.015442
SetRotation,-0.458302,0.000000,-0.888797,0.178687,0.979582,-0.092139,0.870650,-0.201043,-0.448944
EditCopy,15983.000000,33436.000000,25318.000000,15983.000000,32860.000000,25406.000000,16284.000000,32748.000000,26385.000000,24.000000
EndFrame
SetLocation,-956.389906,1087.722260,6347.015442
SetRotation,-0.458302,0.000000,-0.888797,0.178687,0.979582,-0.092139,0.870650,-0.201043,-0.448944
EditCopy,15985.000000,33475.000000,25320.000000,15983.000000,32860.000000,25406.000000,16284.000000,32748.000000,26385.000000,25.000000
EndFrame
SetLocation,-956.389906,1087.722260,6347.015442
SetRotation,-0.458302,0.000000,-0.888797,0.178687,0.979582,-0.092139,0.870650,-0.201043,-0.448944
EditCopy,15986.000000,33511.000000,25321.000000,15983.000000,32860.000000,25406.000000,16284.000000,32748.000000,26385.000000,26.000000
EndFrame
SetLocation,-956.389906,1087.722260,6347.015442
SetRotation,-0.458302,0.000000,-0.888797,0.178687,0.979582,-0.092139,0.870650,-0.201043,-0.448944
EditCopy,15988.000000,33550.000000,25323.000000,15983.000000,32860.000000,25406.000000,16284.000000,32748.000000,26385.000000,27.000000
EndFrame
SetLocation,-956.389906,1087.722260,6347.015442
SetRotation,-0.458302,0.000000,-0.888797,0.178687,0.979582,-0.092139,0.870650,-0.201043,-0.448944
EditCopy,15990.000000,33582.000000,25324.000000,15983.000000,32860.000000,25406.000000,16284.000000,32748.000000,26385.000000,28.000000
EndFrame
SetLocation,-956.389906,1087.722260,6347.015442
SetRotation,-0.458302,0.000000,-0.888797,0.178687,0.979582,-0.092139,0.870650,-0.201043,-0.448944
EditCopy,15993.000000,33649.000000,25325.000000,15983.000000,32860.000000,25406.000000,16284.000000,32748.000000,26385.000000,29.000000
EndFrame
SetLocation,-956.389906,1087.722260,6347.015442
SetRotation,-0.458302,0.000000,-0.888797,0.178687,0.979582,-0.092139,0.870650,-0.201043,-0.448944
EditCopy,15995.000000,33683.000000,25326.000000,15983.000000,32860.000000,25406.000000,16284.000000,32748.000000,26385.000000,30.000000
EndFrame
SetLocation,-956.389906,1087.722260,6347.015442
SetRotation,-0.458302,0.000000,-0.888797,0.178687,0.979582,-0.092139,0.870650,-0.201043,-0.448944
EditCopy,15998.000000,33737.000000,25328.000000,15983.000000,32860.000000,25406.000000,16284.000000,32748.000000,26385.000000,31.000000
EndFrame
SetLocation,-956.389906,1087.722260,6347.015442
SetRotation,-0.458302,0.000000,-0.888797,0.178687,0.979582,-0.092139,0.870650,-0.201043,-0.448944
EditCopy,16001.000000,33796.000000,25329.000000,15983.000000,32860.000000,25406.000000,16284.000000,32748.000000,26385.000000,32.000000
EndFrame
SetLocation,-956.389906,1087.722260,6347.015442
SetRotation,-0.458302,0.000000,-0.888797,0.178687,0.979582,-0.092139,0.870650,-0.201043,-0.448944
EditCopy,15998.000000,33835.000000,25328.000000,15983.000000,32860.000000,25406.000000,16284.000000,32748.000000,26385.000000,33.000000
EndFrame
SetLocation,-956.389906,1087.722260,6347.015442
SetRotation,-0.458302,0.000000,-0.888797,0.178687,0.979582,-0.092139,0.870650,-0.201043,-0.448944
EditCopy,15997.000000,33881.000000,25327.000000,15983.000000,32860.000000,25406.000000,16284.000000,32748.000000,26385.000000,34.000000
EndFrame
SetLocation,-956.389906,1087.722260,6347.015442
SetRotation,-0.458302,0.000000,-0.888797,0.178687,0.979582,-0.092139,0.870650,-0.201043,-0.448944
EditCopy,15992.000000,33935.000000,25325.000000,15983.000000,32860.000000,25406.000000,16284.000000,32748.000000,26385.000000,35.000000
EndFrame
SetLocation,-956.389906,1087.722260,6347.015442
SetRotation,-0.458302,0.000000,-0.888797,0.178687,0.979582,-0.092139,0.870650,-0.201043,-0.448944
EditCopy,15982.000000,34001.000000,25317.000000,15983.000000,32860.000000,25406.000000,16284.000000,32748.000000,26385.000000,36.000000
EndFrame
SetLocation,-956.389906,1087.722260,6347.015442
SetRotation,-0.458302,0.000000,-0.888797,0.178687,0.979582,-0.092139,0.870650,-0.201043,-0.448944
EditCopy,15975.000000,34011.000000,25311.000000,15983.000000,32860.000000,25406.000000,16284.000000,32748.000000,26385.000000,37.000000
EndFrame
SetLocation,-956.389906,1087.722260,6347.015442
SetRotation,-0.458302,0.000000,-0.888797,0.178687,0.979582,-0.092139,0.870650,-0.201043,-0.448944
EditCopy,15973.000000,34011.000000,25309.000000,15983.000000,32860.000000,25406.000000,16284.000000,32748.000000,26385.000000,38.000000
EndFrame
SetLocation,-956.389906,1087.722260,6347.015442
SetRotation,-0.458302,0.000000,-0.888797,0.178687,0.979582,-0.092139,0.870650,-0.201043,-0.448944
EditCopy,15965.000000,34006.000000,25302.000000,15983.000000,32860.000000,25406.000000,16284.000000,32748.000000,26385.000000,39.000000
EndFrame
SetLocation,-956.389906,1087.722260,6347.015442
SetRotation,-0.458302,0.000000,-0.888797,0.178687,0.979582,-0.092139,0.870650,-0.201043,-0.448944
EditCopy,15955.000000,33973.000000,25288.000000,15983.000000,32860.000000,25406.000000,16284.000000,32748.000000,26385.000000,40.000000
EndFrame
SetLocation,-956.389906,1087.722260,6347.015442
SetRotation,-0.458302,0.000000,-0.888797,0.178687,0.979582,-0.092139,0.870650,-0.201043,-0.448944
EditCopy,15951.000000,33925.000000,25281.000000,15983.000000,32860.000000,25406.000000,16284.000000,32748.000000,26385.000000,41.000000
EndFrame
SetLocation,-956.389906,1087.722260,6347.015442
SetRotation,-0.458302,0.000000,-0.888797,0.178687,0.979582,-0.092139,0.870650,-0.201043,-0.448944
EditCopy,15945.000000,33876.000000,25271.000000,15983.000000,32860.000000,25406.000000,16284.000000,32748.000000,26385.000000,42.000000
EndFrame
SetLocation,-956.389906,1087.722260,6347.015442
SetRotation,-0.458302,0.000000,-0.888797,0.178687,0.979582,-0.092139,0.870650,-0.201043,-0.448944
EditCopy,15944.000000,33829.000000,25268.000000,15983.000000,32860.000000,25406.000000,16284.000000,32748.000000,26385.000000,43.000000
EndFrame
SetLocation,-956.389906,1087.722260,6347.015442
SetRotation,-0.458302,0.000000,-0.888797,0.178687,0.979582,-0.092139,0.870650,-0.201043,-0.448944
EditCopy,15943.000000,33788.000000,25265.000000,15983.000000,32860.000000,25406.000000,16284.000000,32748.000000,26385.000000,44.000000
EndFrame
SetLocation,-956.389906,1087.722260,6347.015442
SetRotation,-0.458302,0.000000,-0.888797,0.178687,0.979582,-0.092139,0.870650,-0.201043,-0.448944
EditCopy,15942.000000,33750.000000,25262.000000,15983.000000,32860.000000,25406.000000,16284.000000,32748.000000,26385.000000,45.000000
EndFrame
SetLocation,-956.389906,1087.722260,6347.015442
SetRotation,-0.458302,0.000000,-0.888797,0.178687,0.979582,-0.092139,0.870650,-0.201043,-0.448944
EditCopy,15940.000000,33693.000000,25256.000000,15983.000000,32860.000000,25406.000000,16284.000000,32748.000000,26385.000000,46.000000
EndFrame
SetLocation,-956.389906,1087.722260,6347.015442
SetRotation,-0.458302,0.000000,-0.888797,0.178687,0.979582,-0.092139,0.870650,-0.201043,-0.448944
EditCopy,15940.000000,33654.000000,25253.000000,15983.000000,32860.000000,25406.000000,16284.000000,32748.000000,26385.000000,47.000000
EndFrame
SetLocation,-956.389906,1087.722260,6347.015442
SetRotation,-0.458302,0.000000,-0.888797,0.178687,0.979582,-0.092139,0.870650,-0.201043,-0.448944
EditCopy,15938.000000,33609.000000,25247.000000,15983.000000,32860.000000,25406.000000,16284.000000,32748.000000,26385.000000,48.000000
EndFrame
SetLocation,-956.389906,1087.722260,6347.015442
SetRotation,-0.458302,0.000000,-0.888797,0.178687,0.979582,-0.092139,0.870650,-0.201043,-0.448944
EditCopy,15936.000000,33523.000000,25233.000000,15983.000000,32860.000000,25406.000000,16284.000000,32748.000000,26385.000000,49.000000
EndFrame
SetLocation,-956.389906,1087.722260,6347.015442
SetRotation,-0.458302,0.000000,-0.888797,0.178687,0.979582,-0.092139,0.870650,-0.201043,-0.448944
EditCopy,15935.000000,33457.000000,25216.000000,15983.000000,32860.000000,25406.000000,16284.000000,32748.000000,26385.000000,50.000000
EndFrame
SetLocation,-956.389906,1087.722260,6347.015442
SetRotation,-0.458302,0.000000,-0.888797,0.178687,0.979582,-0.092139,0.870650,-0.201043,-0.448944
EditCopy,15935.000000,33393.000000,25198.000000,15983.000000,32860.000000,25406.000000,16284.000000,32748.000000,26385.000000,51.000000
EndFrame
SetLocation,-956.389906,1087.722260,6347.015442
SetRotation,-0.458302,0.000000,-0.888797,0.178687,0.979582,-0.092139,0.870650,-0.201043,-0.448944
EditCopy,15931.000000,33344.000000,25193.000000,15983.000000,32860.000000,25406.000000,16284.000000,32748.000000,26385.000000,52.000000
EndFrame
SetLocation,-956.389906,1087.722260,6347.015442
SetRotation,-0.458302,0.000000,-0.888797,0.178687,0.979582,-0.092139,0.870650,-0.201043,-0.448944
EditCopy,15922.000000,33264.000000,25195.000000,15983.000000,32860.000000,25406.000000,16284.000000,32748.000000,26385.000000,53.000000
EndFrame
SetLocation,-956.389906,1087.722260,6347.015442
SetRotation,-0.458302,0.000000,-0.888797,0.178687,0.979582,-0.092139,0.870650,-0.201043,-0.448944
EditCopy,15912.000000,33199.000000,25212.000000,15983.000000,32860.000000,25406.000000,16284.000000,32748.000000,26385.000000,54.000000
EndFrame
SetLocation,-956.389906,1087.722260,6347.015442
SetRotation,-0.458302,0.000000,-0.888797,0.178687,0.979582,-0.092139,0.870650,-0.201043,-0.448944
EditCopy,15906.000000,33140.000000,25221.000000,15983.000000,32860.000000,25406.000000,16284.000000,32748.000000,26385.000000,55.000000
EndFrame
SetLocation,-956.389906,1087.722260,6347.015442
SetRotation,-0.458302,0.000000,-0.888797,0.178687,0.979582,-0.092139,0.870650,-0.201043,-0.448944
EditCopy,15895.000000,33067.000000,25225.000000,15983.000000,32860.000000,25406.000000,16284.000000,32748.000000,26385.000000,56.000000
EndFrame
SetLocation,-956.389906,1087.722260,6347.015442
SetRotation,-0.458302,0.000000,-0.888797,0.178687,0.979582,-0.092139,0.870650,-0.201043,-0.448944
EditCopy,15887.000000,33013.000000,25245.000000,15983.000000,32860.000000,25406.000000,16284.000000,32748.000000,26385.000000,57.000000
EndFrame
SetLocation,-956.389906,1087.722260,6347.015442
SetRotation,-0.458302,0.000000,-0.888797,0.178687,0.979582,-0.092139,0.870650,-0.201043,-0.448944
EditCopy,15882.000000,32986.000000,25252.000000,15983.000000,32860.000000,25406.000000,16284.000000,32748.000000,26385.000000,58.000000
EndFrame
SetLocation,-956.389906,1087.722260,6347.015442
SetRotation,-0.458302,0.000000,-0.888797,0.178687,0.979582,-0.092139,0.870650,-0.201043,-0.448944
EditCopy,15882.000000,32986.000000,25252.000000,15983.000000,32860.000000,25406.000000,16284.000000,32748.000000,26385.000000,59.000000
EndFrame
SetLocation,-956.389906,1087.722260,6347.015442
SetRotation,-0.458302,0.000000,-0.888797,0.178687,0.979582,-0.092139,0.870650,-0.201043,-0.448944
EditCopy,15917.000000,33083.000000,25297.000000,15983.000000,32860.000000,25406.000000,16284.000000,32748.000000,26385.000000,60.000000
EndFrame
SetLocation,-956.389906,1087.722260,6347.015442
SetRotation,-0.458302,0.000000,-0.888797,0.178687,0.979582,-0.092139,0.870650,-0.201043,-0.448944
EditCopy,15937.000000,33151.000000,25312.000000,15983.000000,32860.000000,25406.000000,16284.000000,32748.000000,26385.000000,61.000000
EndFrame
SetLocation,-956.389906,1087.722260,6347.015442
SetRotation,-0.458302,0.000000,-0.888797,0.178687,0.979582,-0.092139,0.870650,-0.201043,-0.448944
EditCopy,15956.000000,33232.000000,25320.000000,15983.000000,32860.000000,25406.000000,16284.000000,32748.000000,26385.000000,62.000000
EndFrame
SetLocation,-956.389906,1087.722260,6347.015442
SetRotation,-0.458302,0.000000,-0.888797,0.178687,0.979582,-0.092139,0.870650,-0.201043,-0.448944
EditCopy,15965.000000,33304.000000,25317.000000,15983.000000,32860.000000,25406.000000,16284.000000,32748.000000,26385.000000,63.000000
EndFrame
SetLocation,-956.389906,1087.722260,6347.015442
SetRotation,-0.458302,0.000000,-0.888797,0.178687,0.979582,-0.092139,0.870650,-0.201043,-0.448944
EditCopy,15971.000000,33357.000000,25315.000000,15983.000000,32860.000000,25406.000000,16284.000000,32748.000000,26385.000000,64.000000
EndFrame
SetLocation,-956.389906,1087.722260,6347.015442
SetRotation,-0.458302,0.000000,-0.888797,0.178687,0.979582,-0.092139,0.870650,-0.201043,-0.448944
EditCopy,15978.000000,33427.000000,25314.000000,15983.000000,32860.000000,25406.000000,16284.000000,32748.000000,26385.000000,65.000000
EndFrame
SetLocation,-956.389906,1087.722260,6347.015442
SetRotation,-0.458302,0.000000,-0.888797,0.178687,0.979582,-0.092139,0.870650,-0.201043,-0.448944
EditCopy,15982.000000,33512.000000,25317.000000,15983.000000,32860.000000,25406.000000,16284.000000,32748.000000,26385.000000,66.000000
EndFrame
SetLocation,-956.389906,1087.722260,6347.015442
SetRotation,-0.458302,0.000000,-0.888797,0.178687,0.979582,-0.092139,0.870650,-0.201043,-0.448944
EditCopy,15985.000000,33589.000000,25320.000000,15983.000000,32860.000000,25406.000000,16284.000000,32748.000000,26385.000000,67.000000
EndFrame
SetLocation,-956.389906,1087.722260,6347.015442
SetRotation,-0.458302,0.000000,-0.888797,0.178687,0.979582,-0.092139,0.870650,-0.201043,-0.448944
EditCopy,15988.000000,33663.000000,25323.000000,15983.000000,32860.000000,25406.000000,16284.000000,32748.000000,26385.000000,68.000000
EndFrame
SetLocation,-956.389906,1087.722260,6347.015442
SetRotation,-0.458302,0.000000,-0.888797,0.178687,0.979582,-0.092139,0.870650,-0.201043,-0.448944
EditCopy,15992.000000,33741.000000,25325.000000,15983.000000,32860.000000,25406.000000,16284.000000,32748.000000,26385.000000,69.000000
EndFrame
SetLocation,-956.389906,1087.722260,6347.015442
SetRotation,-0.458302,0.000000,-0.888797,0.178687,0.979582,-0.092139,0.870650,-0.201043,-0.448944
EditCopy,15991.000000,33814.000000,25324.000000,15983.000000,32860.000000,25406.000000,16284.000000,32748.000000,26385.000000,70.000000
EndFrame
SetLocation,-956.389906,1087.722260,6347.015442
SetRotation,-0.458302,0.000000,-0.888797,0.178687,0.979582,-0.092139,0.870650,-0.201043,-0.448944
EditCopy,15995.000000,33888.000000,25326.000000,15983.000000,32860.000000,25406.000000,16284.000000,32748.000000,26385.000000,71.000000
EndFrame
SetLocation,-956.389906,1087.722260,6347.015442
SetRotation,-0.458302,0.000000,-0.888797,0.178687,0.979582,-0.092139,0.870650,-0.201043,-0.448944
EditCopy,15996.000000,33953.000000,25327.000000,15983.000000,32860.000000,25406.000000,16284.000000,32748.000000,26385.000000,72.000000
EndFrame
SetLocation,-956.389906,1087.722260,6347.015442
SetRotation,-0.458302,0.000000,-0.888797,0.178687,0.979582,-0.092139,0.870650,-0.201043,-0.448944
EditCopy,15999.000000,34020.000000,25328.000000,15983.000000,32860.000000,25406.000000,16284.000000,32748.000000,26385.000000,73.000000
EndFrame
SetLocation,-956.389906,1087.722260,6347.015442
SetRotation,-0.458302,0.000000,-0.888797,0.178687,0.979582,-0.092139,0.870650,-0.201043,-0.448944
EditCopy,16003.000000,34092.000000,25331.000000,15983.000000,32860.000000,25406.000000,16284.000000,32748.000000,26385.000000,74.000000
EndFrame
SetLocation,-956.389906,1087.722260,6347.015442
SetRotation,-0.458302,0.000000,-0.888797,0.178687,0.979582,-0.092139,0.870650,-0.201043,-0.448944
EditCopy,15993.000000,34201.000000,25325.000000,15983.000000,32860.000000,25406.000000,16284.000000,32748.000000,26385.000000,75.000000
EndFrame
SetLocation,-956.389906,1087.722260,6347.015442
SetRotation,-0.458302,0.000000,-0.888797,0.178687,0.979582,-0.092139,0.870650,-0.201043,-0.448944
EditCopy,15998.000000,34289.000000,25328.000000,15983.000000,32860.000000,25406.000000,16284.000000,32748.000000,26385.000000,76.000000
EndFrame
SetLocation,-956.389906,1087.722260,6347.015442
SetRotation,-0.458302,0.000000,-0.888797,0.178687,0.979582,-0.092139,0.870650,-0.201043,-0.448944
EditCopy,15991.000000,34357.000000,25324.000000,15983.000000,32860.000000,25406.000000,16284.000000,32748.000000,26385.000000,77.000000
EndFrame
SetLocation,-956.389906,1087.722260,6347.015442
SetRotation,-0.458302,0.000000,-0.888797,0.178687,0.979582,-0.092139,0.870650,-0.201043,-0.448944
EditCopy,15984.000000,34435.000000,25319.000000,15983.000000,32860.000000,25406.000000,16284.000000,32748.000000,26385.000000,78.000000
EndFrame
SetLocation,-956.389906,1087.722260,6347.015442
SetRotation,-0.458302,0.000000,-0.888797,0.178687,0.979582,-0.092139,0.870650,-0.201043,-0.448944
EditCopy,15984.000000,34441.000000,25319.000000,15983.000000,32860.000000,25406.000000,16284.000000,32748.000000,26385.000000,79.000000
EndFrame
SetLocation,-956.389906,1087.722260,6347.015442
SetRotation,-0.458302,0.000000,-0.888797,0.178687,0.979582,-0.092139,0.870650,-0.201043,-0.448944
EditCopy,15966.000000,34436.000000,25303.000000,15983.000000,32860.000000,25406.000000,16284.000000,32748.000000,26385.000000,80.000000
EndFrame
SetLocation,-956.389906,1087.722260,6347.015442
SetRotation,-0.458302,0.000000,-0.888797,0.178687,0.979582,-0.092139,0.870650,-0.201043,-0.448944
EditCopy,15951.000000,34344.000000,25282.000000,15983.000000,32860.000000,25406.000000,16284.000000,32748.000000,26385.000000,81.000000
EndFrame
SetLocation,-956.389906,1087.722260,6347.015442
SetRotation,-0.458302,0.000000,-0.888797,0.178687,0.979582,-0.092139,0.870650,-0.201043,-0.448944
EditCopy,15945.000000,34257.000000,25269.000000,15983.000000,32860.000000,25406.000000,16284.000000,32748.000000,26385.000000,82.000000
EndFrame
SetLocation,-956.389906,1087.722260,6347.015442
SetRotation,-0.458302,0.000000,-0.888797,0.178687,0.979582,-0.092139,0.870650,-0.201043,-0.448944
EditCopy,15942.000000,34154.000000,25262.000000,15983.000000,32860.000000,25406.000000,16284.000000,32748.000000,26385.000000,83.000000
EndFrame
SetLocation,-956.389906,1087.722260,6347.015442
SetRotation,-0.458302,0.000000,-0.888797,0.178687,0.979582,-0.092139,0.870650,-0.201043,-0.448944
EditCopy,15939.000000,34076.000000,25251.000000,15983.000000,32860.000000,25406.000000,16284.000000,32748.000000,26385.000000,84.000000
EndFrame
SetLocation,-956.389906,1087.722260,6347.015442
SetRotation,-0.458302,0.000000,-0.888797,0.178687,0.979582,-0.092139,0.870650,-0.201043,-0.448944
EditCopy,15939.000000,34003.000000,25252.000000,15983.000000,32860.000000,25406.000000,16284.000000,32748.000000,26385.000000,85.000000
EndFrame
SetLocation,-956.389906,1087.722260,6347.015442
SetRotation,-0.458302,0.000000,-0.888797,0.178687,0.979582,-0.092139,0.870650,-0.201043,-0.448944
EditCopy,15936.000000,33892.000000,25237.000000,15983.000000,32860.000000,25406.000000,16284.000000,32748.000000,26385.000000,86.000000
EndFrame
SetLocation,-956.389906,1087.722260,6347.015442
SetRotation,-0.458302,0.000000,-0.888797,0.178687,0.979582,-0.092139,0.870650,-0.201043,-0.448944
EditCopy,15935.000000,33752.000000,25222.000000,15983.000000,32860.000000,25406.000000,16284.000000,32748.000000,26385.000000,87.000000
EndFrame
SetLocation,-956.389906,1087.722260,6347.015442
SetRotation,-0.458302,0.000000,-0.888797,0.178687,0.979582,-0.092139,0.870650,-0.201043,-0.448944
EditCopy,15939.000000,33643.000000,25191.000000,15983.000000,32860.000000,25406.000000,16284.000000,32748.000000,26385.000000,88.000000
EndFrame
SetLocation,-956.389906,1087.722260,6347.015442
SetRotation,-0.458302,0.000000,-0.888797,0.178687,0.979582,-0.092139,0.870650,-0.201043,-0.448944
EditCopy,15939.000000,33536.000000,25190.000000,15983.000000,32860.000000,25406.000000,16284.000000,32748.000000,26385.000000,89.000000
EndFrame
SetLocation,-956.389906,1087.722260,6347.015442
SetRotation,-0.458302,0.000000,-0.888797,0.178687,0.979582,-0.092139,0.870650,-0.201043,-0.448944
EditCopy,15946.000000,33429.000000,25169.000000,15983.000000,32860.000000,25406.000000,16284.000000,32748.000000,26385.000000,90.000000
EndFrame
SetLocation,-956.389906,1087.722260,6347.015442
SetRotation,-0.458302,0.000000,-0.888797,0.178687,0.979582,-0.092139,0.870650,-0.201043,-0.448944
EditCopy,15946.000000,33338.000000,25152.000000,15983.000000,32860.000000,25406.000000,16284.000000,32748.000000,26385.000000,91.000000
EndFrame
SetLocation,-956.389906,1087.722260,6347.015442
SetRotation,-0.458302,0.000000,-0.888797,0.178687,0.979582,-0.092139,0.870650,-0.201043,-0.448944
EditCopy,15933.000000,33257.000000,25158.000000,15983.000000,32860.000000,25406.000000,16284.000000,32748.000000,26385.000000,92.000000
EndFrame
SetLocation,-956.389906,1087.722260,6347.015442
SetRotation,-0.458302,0.000000,-0.888797,0.178687,0.979582,-0.092139,0.870650,-0.201043,-0.448944
EditCopy,15930.000000,33172.000000,25144.000000,15983.000000,32860.000000,25406.000000,16284.000000,32748.000000,26385.000000,93.000000
EndFrame
SetLocation,-956.389906,1087.722260,6347.015442
SetRotation,-0.458302,0.000000,-0.888797,0.178687,0.979582,-0.092139,0.870650,-0.201043,-0.448944
EditCopy,15907.000000,33090.000000,25169.000000,15983.000000,32860.000000,25406.000000,16284.000000,32748.000000,26385.000000,94.000000
EndFrame
SetLocation,-956.389906,1087.722260,6347.015442
SetRotation,-0.458302,0.000000,-0.888797,0.178687,0.979582,-0.092139,0.870650,-0.201043,-0.448944
EditCopy,15887.000000,33025.000000,25208.000000,15983.000000,32860.000000,25406.000000,16284.000000,32748.000000,26385.000000,95.000000
EndFrame
SetLocation,-956.389906,1087.722260,6347.015442
SetRotation,-0.458302,0.000000,-0.888797,0.178687,0.979582,-0.092139,0.870650,-0.201043,-0.448944
EditCopy,15881.000000,32976.000000,25248.000000,15983.000000,32860.000000,25406.000000,16284.000000,32748.000000,26385.000000,96.000000
EndFrame
SetLocation,-956.389906,1087.722260,6347.015442
SetRotation,-0.458302,0.000000,-0.888797,0.178687,0.979582,-0.092139,0.870650,-0.201043,-0.448944
EditCopy,15898.000000,32959.000000,25308.000000,15983.000000,32860.000000,25406.000000,16284.000000,32748.000000,26385.000000,97.000000
EndFrame
SetLocation,-956.389906,1087.722260,6347.015442
SetRotation,-0.458302,0.000000,-0.888797,0.178687,0.979582,-0.092139,0.870650,-0.201043,-0.448944
EditCopy,15955.000000,32965.000000,25370.000000,15983.000000,32860.000000,25406.000000,16284.000000,32748.000000,26385.000000,98.000000
EndFrame
SetLocation,-956.389906,1087.722260,6347.015442
SetRotation,-0.458302,0.000000,-0.888797,0.178687,0.979582,-0.092139,0.870650,-0.201043,-0.448944
EditCopy,16012.000000,33028.000000,25385.000000,15983.000000,32860.000000,25406.000000,16284.000000,32748.000000,26385.000000,99.000000
EndFrame
SetLocation,-956.389906,1087.722260,6347.015442
SetRotation,-0.458302,0.000000,-0.888797,0.178687,0.979582,-0.092139,0.870650,-0.201043,-0.448944
EditCopy,16048.000000,33087.000000,25381.000000,15983.000000,32860.000000,25406.000000,16284.000000,32748.000000,26385.000000,100.000000
EndFrame
SetLocation,-956.389906,1087.722260,6347.015442
SetRotation,-0.458302,0.000000,-0.888797,0.178687,0.979582,-0.092139,0.870650,-0.201043,-0.448944
EditCopy,16054.000000,33179.000000,25370.000000,15983.000000,32860.000000,25406.000000,16284.000000,32748.000000,26385.000000,101.000000
EndFrame
SetLocation,-956.389906,1087.722260,6347.015442
SetRotation,-0.458302,0.000000,-0.888797,0.178687,0.979582,-0.092139,0.870650,-0.201043,-0.448944
EditCopy,16041.000000,33295.000000,25356.000000,15983.000000,32860.000000,25406.000000,16284.000000,32748.000000,26385.000000,102.000000
EndFrame
SetLocation,-956.389906,1087.722260,6347.015442
SetRotation,-0.458302,0.000000,-0.888797,0.178687,0.979582,-0.092139,0.870650,-0.201043,-0.448944
EditCopy,16028.000000,33412.000000,25340.000000,15983.000000,32860.000000,25406.000000,16284.000000,32748.000000,26385.000000,103.000000
EndFrame
SetLocation,-956.389906,1087.722260,6347.015442
SetRotation,-0.458302,0.000000,-0.888797,0.178687,0.979582,-0.092139,0.870650,-0.201043,-0.448944
EditCopy,16029.000000,33547.000000,25340.000000,15983.000000,32860.000000,25406.000000,16284.000000,32748.000000,26385.000000,104.000000
EndFrame
SetLocation,-956.389906,1087.722260,6347.015442
SetRotation,-0.458302,0.000000,-0.888797,0.178687,0.979582,-0.092139,0.870650,-0.201043,-0.448944
EditCopy,16035.000000,33647.000000,25342.000000,15983.000000,32860.000000,25406.000000,16284.000000,32748.000000,26385.000000,105.000000
EndFrame
SetLocation,-956.389906,1087.722260,6347.015442
SetRotation,-0.458302,0.000000,-0.888797,0.178687,0.979582,-0.092139,0.870650,-0.201043,-0.448944
EditCopy,16043.000000,33757.000000,25344.000000,15983.000000,32860.000000,25406.000000,16284.000000,32748.000000,26385.000000,106.000000
EndFrame
SetLocation,-956.389906,1087.722260,6347.015442
SetRotation,-0.458302,0.000000,-0.888797,0.178687,0.979582,-0.092139,0.870650,-0.201043,-0.448944
EditCopy,16049.000000,33863.000000,25345.000000,15983.000000,32860.000000,25406.000000,16284.000000,32748.000000,26385.000000,107.000000
EndFrame
SetLocation,-956.389906,1087.722260,6347.015442
SetRotation,-0.458302,0.000000,-0.888797,0.178687,0.979582,-0.092139,0.870650,-0.201043,-0.448944
EditCopy,16073.000000,33983.000000,25344.000000,15983.000000,32860.000000,25406.000000,16284.000000,32748.000000,26385.000000,108.000000
EndFrame
SetLocation,-956.389906,1087.722260,6347.015442
SetRotation,-0.458302,0.000000,-0.888797,0.178687,0.979582,-0.092139,0.870650,-0.201043,-0.448944
EditCopy,16086.000000,34076.000000,25342.000000,15983.000000,32860.000000,25406.000000,16284.000000,32748.000000,26385.000000,109.000000
EndFrame
SetLocation,-956.389906,1087.722260,6347.015442
SetRotation,-0.458302,0.000000,-0.888797,0.178687,0.979582,-0.092139,0.870650,-0.201043,-0.448944
EditCopy,16098.000000,34163.000000,25338.000000,15983.000000,32860.000000,25406.000000,16284.000000,32748.000000,26385.000000,110.000000
EndFrame
SetLocation,-956.389906,1087.722260,6347.015442
SetRotation,-0.458302,0.000000,-0.888797,0.178687,0.979582,-0.092139,0.870650,-0.201043,-0.448944
EditCopy,16095.000000,34252.000000,25339.000000,15983.000000,32860.000000,25406.000000,16284.000000,32748.000000,26385.000000,111.000000
EndFrame
SetLocation,-956.389906,1087.722260,6347.015442
SetRotation,-0.458302,0.000000,-0.888797,0.178687,0.979582,-0.092139,0.870650,-0.201043,-0.448944
EditCopy,16095.000000,34366.000000,25339.000000,15983.000000,32860.000000,25406.000000,16284.000000,32748.000000,26385.000000,112.000000
EndFrame
SetLocation,-956.389906,1087.722260,6347.015442
SetRotation,-0.458302,0.000000,-0.888797,0.178687,0.979582,-0.092139,0.870650,-0.201043,-0.448944
EditCopy,16100.000000,34452.000000,25337.000000,15983.000000,32860.000000,25406.000000,16284.000000,32748.000000,26385.000000,113.000000
EndFrame
SetLocation,-956.389906,1087.722260,6347.015442
SetRotation,-0.458302,0.000000,-0.888797,0.178687,0.979582,-0.092139,0.870650,-0.201043,-0.448944
EditCopy,16039.000000,34540.000000,25343.000000,15983.000000,32860.000000,25406.000000,16284.000000,32748.000000,26385.000000,114.000000
EndFrame
SetLocation,-956.389906,1087.722260,6347.015442
SetRotation,-0.458302,0.000000,-0.888797,0.178687,0.979582,-0.092139,0.870650,-0.201043,-0.448944
EditCopy,15996.000000,34590.000000,25327.000000,15983.000000,32860.000000,25406.000000,16284.000000,32748.000000,26385.000000,115.000000
EndFrame
SetLocation,-956.389906,1087.722260,6347.015442
SetRotation,-0.458302,0.000000,-0.888797,0.178687,0.979582,-0.092139,0.870650,-0.201043,-0.448944
EditCopy,15981.000000,34596.000000,25316.000000,15983.000000,32860.000000,25406.000000,16284.000000,32748.000000,26385.000000,116.000000
EndFrame
SetLocation,-956.389906,1087.722260,6347.015442
SetRotation,-0.458302,0.000000,-0.888797,0.178687,0.979582,-0.092139,0.870650,-0.201043,-0.448944
EditCopy,15963.000000,34552.000000,25300.000000,15983.000000,32860.000000,25406.000000,16284.000000,32748.000000,26385.000000,117.000000
EndFrame
SetLocation,-956.389906,1087.722260,6347.015442
SetRotation,-0.458302,0.000000,-0.888797,0.178687,0.979582,-0.092139,0.870650,-0.201043,-0.448944
EditCopy,15949.000000,34462.000000,25279.000000,15983.000000,32860.000000,25406.000000,16284.000000,32748.000000,26385.000000,118.000000
EndFrame
SetLocation,-956.389906,1087.722260,6347.015442
SetRotation,-0.458302,0.000000,-0.888797,0.178687,0.979582,-0.092139,0.870650,-0.201043,-0.448944
EditCopy,15944.000000,34390.000000,25267.000000,15983.000000,32860.000000,25406.000000,16284.000000,32748.000000,26385.000000,119.000000
EndFrame
SetLocation,-956.389906,1087.722260,6347.015442
SetRotation,-0.458302,0.000000,-0.888797,0.178687,0.979582,-0.092139,0.870650,-0.201043,-0.448944
EditCopy,15945.000000,34316.000000,25271.000000,15983.000000,32860.000000,25406.000000,16284.000000,32748.000000,26385.000000,120.000000
EndFrame
SetLocation,-956.389906,1087.722260,6347.015442
SetRotation,-0.458302,0.000000,-0.888797,0.178687,0.979582,-0.092139,0.870650,-0.201043,-0.448944
EditCopy,15943.000000,34219.000000,25264.000000,15983.000000,32860.000000,25406.000000,16284.000000,32748.000000,26385.000000,121.000000
EndFrame
SetLocation,-956.389906,1087.722260,6347.015442
SetRotation,-0.458302,0.000000,-0.888797,0.178687,0.979582,-0.092139,0.870650,-0.201043,-0.448944
EditCopy,15941.000000,34124.000000,25257.000000,15983.000000,32860.000000,25406.000000,16284.000000,32748.000000,26385.000000,122.000000
EndFrame
SetLocation,-956.389906,1087.722260,6347.015442
SetRotation,-0.458302,0.000000,-0.888797,0.178687,0.979582,-0.092139,0.870650,-0.201043,-0.448944
EditCopy,15939.000000,34015.000000,25250.000000,15983.000000,32860.000000,25406.000000,16284.000000,32748.000000,26385.000000,123.000000
EndFrame
SetLocation,-956.389906,1087.722260,6347.015442
SetRotation,-0.458302,0.000000,-0.888797,0.178687,0.979582,-0.092139,0.870650,-0.201043,-0.448944
EditCopy,15936.000000,33877.000000,25240.000000,15983.000000,32860.000000,25406.000000,16284.000000,32748.000000,26385.000000,124.000000
EndFrame
SetLocation,-956.389906,1087.722260,6347.015442
SetRotation,-0.458302,0.000000,-0.888797,0.178687,0.979582,-0.092139,0.870650,-0.201043,-0.448944
EditCopy,15935.000000,33717.000000,25223.000000,15983.000000,32860.000000,25406.000000,16284.000000,32748.000000,26385.000000,125.000000
EndFrame
SetLocation,-956.389906,1087.722260,6347.015442
SetRotation,-0.458302,0.000000,-0.888797,0.178687,0.979582,-0.092139,0.870650,-0.201043,-0.448944
EditCopy,15935.000000,33546.000000,25215.000000,15983.000000,32860.000000,25406.000000,16284.000000,32748.000000,26385.000000,126.000000
EndFrame
SetLocation,-956.389906,1087.722260,6347.015442
SetRotation,-0.458302,0.000000,-0.888797,0.178687,0.979582,-0.092139,0.870650,-0.201043,-0.448944
EditCopy,15935.000000,33405.000000,25203.000000,15983.000000,32860.000000,25406.000000,16284.000000,32748.000000,26385.000000,127.000000
EndFrame
SetLocation,-956.389906,1087.722260,6347.015442
SetRotation,-0.458302,0.000000,-0.888797,0.178687,0.979582,-0.092139,0.870650,-0.201043,-0.448944
EditCopy,15923.000000,33290.000000,25234.000000,15983.000000,32860.000000,25406.000000,16284.000000,32748.000000,26385.000000,128.000000
EndFrame
SetLocation,-956.389906,1087.722260,6347.015442
SetRotation,-0.458302,0.000000,-0.888797,0.178687,0.979582,-0.092139,0.870650,-0.201043,-0.448944
EditCopy,15915.000000,33130.000000,25277.000000,15983.000000,32860.000000,25406.000000,16284.000000,32748.000000,26385.000000,129.000000
EndFrame
SetLocation,-956.389906,1087.722260,6347.015442
SetRotation,-0.458302,0.000000,-0.888797,0.178687,0.979582,-0.092139,0.870650,-0.201043,-0.448944
EditCopy,15918.000000,33020.000000,25319.000000,15983.000000,32860.000000,25406.000000,16284.000000,32748.000000,26385.000000,130.000000
EndFrame
SetLocation,-956.389906,1087.722260,6347.015442
SetRotation,-0.458302,0.000000,-0.888797,0.178687,0.979582,-0.092139,0.870650,-0.201043,-0.448944
EditCopy,15930.000000,33043.000000,25329.000000,15983.000000,32860.000000,25406.000000,16284.000000,32748.000000,26385.000000,131.000000
EndFrame
SetLocation,-956.389906,1087.722260,6347.015442
SetRotation,-0.458302,0.000000,-0.888797,0.178687,0.979582,-0.092139,0.870650,-0.201043,-0.448944
EditCopy,15947.000000,33136.000000,25325.000000,15983.000000,32860.000000,25406.000000,16284.000000,32748.000000,26385.000000,132.000000
EndFrame
SetLocation,-956.389906,1087.722260,6347.015442
SetRotation,-0.458302,0.000000,-0.888797,0.178687,0.979582,-0.092139,0.870650,-0.201043,-0.448944
EditCopy,15953.000000,33281.000000,25310.000000,15983.000000,32860.000000,25406.000000,16284.000000,32748.000000,26385.000000,133.000000
EndFrame
SetLocation,-956.389906,1087.722260,6347.015442
SetRotation,-0.458302,0.000000,-0.888797,0.178687,0.979582,-0.092139,0.870650,-0.201043,-0.448944
EditCopy,15959.000000,33405.000000,25295.000000,15983.000000,32860.000000,25406.000000,16284.000000,32748.000000,26385.000000,134.000000
EndFrame
SetLocation,-956.389906,1087.722260,6347.015442
SetRotation,-0.458302,0.000000,-0.888797,0.178687,0.979582,-0.092139,0.870650,-0.201043,-0.448944
EditCopy,15956.000000,33517.000000,25290.000000,15983.000000,32860.000000,25406.000000,16284.000000,32748.000000,26385.000000,135.000000
EndFrame
SetLocation,-956.389906,1087.722260,6347.015442
SetRotation,-0.458302,0.000000,-0.888797,0.178687,0.979582,-0.092139,0.870650,-0.201043,-0.448944
EditCopy,15960.000000,33633.000000,25296.000000,15983.000000,32860.000000,25406.000000,16284.000000,32748.000000,26385.000000,136.000000
EndFrame
SetLocation,-956.389906,1087.722260,6347.015442
SetRotation,-0.458302,0.000000,-0.888797,0.178687,0.979582,-0.092139,0.870650,-0.201043,-0.448944
EditCopy,15965.000000,33784.000000,25302.000000,15983.000000,32860.000000,25406.000000,16284.000000,32748.000000,26385.000000,137.000000
EndFrame
SetLocation,-956.389906,1087.722260,6347.015442
SetRotation,-0.458302,0.000000,-0.888797,0.178687,0.979582,-0.092139,0.870650,-0.201043,-0.448944
EditCopy,15973.000000,33941.000000,25309.000000,15983.000000,32860.000000,25406.000000,16284.000000,32748.000000,26385.000000,138.000000
EndFrame
SetLocation,-956.389906,1087.722260,6347.015442
SetRotation,-0.458302,0.000000,-0.888797,0.178687,0.979582,-0.092139,0.870650,-0.201043,-0.448944
EditCopy,15980.000000,34119.000000,25315.000000,15983.000000,32860.000000,25406.000000,16284.000000,32748.000000,26385.000000,139.000000
EndFrame
SetLocation,-956.389906,1087.722260,6347.015442
SetRotation,-0.458302,0.000000,-0.888797,0.178687,0.979582,-0.092139,0.870650,-0.201043,-0.448944
EditCopy,15986.000000,34296.000000,25321.000000,15983.000000,32860.000000,25406.000000,16284.000000,32748.000000,26385.000000,140.000000
EndFrame
SetLocation,-956.389906,1087.722260,6347.015442
SetRotation,-0.458302,0.000000,-0.888797,0.178687,0.979582,-0.092139,0.870650,-0.201043,-0.448944
EditCopy,15975.000000,34421.000000,25311.000000,15983.000000,32860.000000,25406.000000,16284.000000,32748.000000,26385.000000,141.000000
EndFrame
SetLocation,-956.389906,1087.722260,6347.015442
SetRotation,-0.458302,0.000000,-0.888797,0.178687,0.979582,-0.092139,0.870650,-0.201043,-0.448944
EditCopy,15959.000000,34535.000000,25294.000000,15983.000000,32860.000000,25406.000000,16284.000000,32748.000000,26385.000000,142.000000
EndFrame
SetLocation,-956.389906,1087.722260,6347.015442
SetRotation,-0.458302,0.000000,-0.888797,0.178687,0.979582,-0.092139,0.870650,-0.201043,-0.448944
EditCopy,15925.000000,34641.000000,25264.000000,15983.000000,32860.000000,25406.000000,16284.000000,32748.000000,26385.000000,143.000000
EndFrame
SetLocation,-956.389906,1087.722260,6347.015442
SetRotation,-0.458302,0.000000,-0.888797,0.178687,0.979582,-0.092139,0.870650,-0.201043,-0.448944
EditCopy,15903.000000,34761.000000,25237.000000,15983.000000,32860.000000,25406.000000,16284.000000,32748.000000,26385.000000,144.000000
EndFrame
SetLocation,-956.389906,1087.722260,6347.015442
SetRotation,-0.458302,0.000000,-0.888797,0.178687,0.979582,-0.092139,0.870650,-0.201043,-0.448944
EditCopy,15855.000000,34882.000000,25250.000000,15983.000000,32860.000000,25406.000000,16284.000000,32748.000000,26385.000000,145.000000
EndFrame
SetLocation,-956.389906,1087.722260,6347.015442
SetRotation,-0.458302,0.000000,-0.888797,0.178687,0.979582,-0.092139,0.870650,-0.201043,-0.448944
EditCopy,15917.000000,34977.000000,25211.000000,15983.000000,32860.000000,25406.000000,16284.000000,32748.000000,26385.000000,146.000000
EndFrame
SetLocation,-956.389906,1087.722260,6347.015442
SetRotation,-0.458302,0.000000,-0.888797,0.178687,0.979582,-0.092139,0.870650,-0.201043,-0.448944
EditCopy,15959.000000,35077.000000,25229.000000,15983.000000,32860.000000,25406.000000,16284.000000,32748.000000,26385.000000,147.000000
EndFrame
SetLocation,-956.389906,1087.722260,6347.015442
SetRotation,-0.458302,0.000000,-0.888797,0.178687,0.979582,-0.092139,0.870650,-0.201043,-0.448944
EditCopy,15975.000000,35128.000000,25236.000000,15983.000000,32860.000000,25406.000000,16284.000000,32748.000000,26385.000000,148.000000
EndFrame
SetLocation,-956.389906,1087.722260,6347.015442
SetRotation,-0.458302,0.000000,-0.888797,0.178687,0.979582,-0.092139,0.870650,-0.201043,-0.448944
EditCopy,15948.000000,35038.000000,25254.000000,15983.000000,32860.000000,25406.000000,16284.000000,32748.000000,26385.000000,149.000000
EndFrame
SetLocation,-956.389906,1087.722260,6347.015442
SetRotation,-0.458302,0.000000,-0.888797,0.178687,0.979582,-0.092139,0.870650,-0.201043,-0.448944
EditCopy,15891.000000,34892.000000,25323.000000,15983.000000,32860.000000,25406.000000,16284.000000,32748.000000,26385.000000,150.000000
EndFrame
SetLocation,-956.389906,1087.722260,6347.015442
SetRotation,-0.458302,0.000000,-0.888797,0.178687,0.979582,-0.092139,0.870650,-0.201043,-0.448944
EditCopy,15910.000000,34750.000000,25252.000000,15983.000000,32860.000000,25406.000000,16284.000000,32748.000000,26385.000000,151.000000
EndFrame
SetLocation,-956.389906,1087.722260,6347.015442
SetRotation,-0.458302,0.000000,-0.888797,0.178687,0.979582,-0.092139,0.870650,-0.201043,-0.448944
EditCopy,15939.000000,34547.000000,25189.000000,15983.000000,32860.000000,25406.000000,16284.000000,32748.000000,26385.000000,152.000000
EndFrame
SetLocation,-956.389906,1087.722260,6347.015442
SetRotation,-0.458302,0.000000,-0.888797,0.178687,0.979582,-0.092139,0.870650,-0.201043,-0.448944
EditCopy,15935.000000,34351.000000,25214.000000,15983.000000,32860.000000,25406.000000,16284.000000,32748.000000,26385.000000,153.000000
EndFrame
SetLocation,-956.389906,1087.722260,6347.015442
SetRotation,-0.458302,0.000000,-0.888797,0.178687,0.979582,-0.092139,0.870650,-0.201043,-0.448944
EditCopy,15942.000000,34127.000000,25172.000000,15983.000000,32860.000000,25406.000000,16284.000000,32748.000000,26385.000000,154.000000
EndFrame
SetLocation,-956.389906,1087.722260,6347.015442
SetRotation,-0.458302,0.000000,-0.888797,0.178687,0.979582,-0.092139,0.870650,-0.201043,-0.448944
EditCopy,22884.000000,31031.000000,17525.000000,15983.000000,32860.000000,25406.000000,16284.000000,32748.000000,26385.000000,155.000000
EndFrame
SetLocation,-956.389906,1087.722260,6347.015442
SetRotation,-0.458302,0.000000,-0.888797,0.178687,0.979582,-0.092139,0.870650,-0.201043,-0.448944
EditCopy,18426.000000,32541.000000,22448.000000,15983.000000,32860.000000,25406.000000,16284.000000,32748.000000,26385.000000,156.000000
EndFrame
SetLocation,-956.389906,1087.722260,6347.015442
SetRotation,-0.458302,0.000000,-0.888797,0.178687,0.979582,-0.092139,0.870650,-0.201043,-0.448944
EditCopy,15936.000000,33664.000000,25229.000000,15983.000000,32860.000000,25406.000000,16284.000000,32748.000000,26385.000000,157.000000
EndFrame
SetLocation,-956.389906,1087.722260,6347.015442
SetRotation,-0.458302,0.000000,-0.888797,0.178687,0.979582,-0.092139,0.870650,-0.201043,-0.448944
EditCopy,15978.000000,33464.000000,25314.000000,15983.000000,32860.000000,25406.000000,16284.000000,32748.000000,26385.000000,158.000000
EndFrame
SetLocation,-956.389906,1087.722260,6347.015442
SetRotation,-0.458302,0.000000,-0.888797,0.178687,0.979582,-0.092139,0.870650,-0.201043,-0.448944
EditCopy,15976.000000,33327.000000,25324.000000,15983.000000,32860.000000,25406.000000,16284.000000,32748.000000,26385.000000,159.000000
EndFrame
SetLocation,-956.389906,1087.722260,6347.015442
SetRotation,-0.458302,0.000000,-0.888797,0.178687,0.979582,-0.092139,0.870650,-0.201043,-0.448944
EditCopy,15972.000000,33195.000000,25340.000000,15983.000000,32860.000000,25406.000000,16284.000000,32748.000000,26385.000000,160.000000
EndFrame
SetLocation,-956.389906,1087.722260,6347.015442
SetRotation,-0.458302,0.000000,-0.888797,0.178687,0.979582,-0.092139,0.870650,-0.201043,-0.448944
EditCopy,15974.000000,33431.000000,25310.000000,15983.000000,32860.000000,25406.000000,16284.000000,32748.000000,26385.000000,161.000000
EndFrame
SetLocation,-956.389906,1087.722260,6347.015442
SetRotation,-0.458302,0.000000,-0.888797,0.178687,0.979582,-0.092139,0.870650,-0.201043,-0.448944
EditCopy,15972.000000,33733.000000,25308.000000,15983.000000,32860.000000,25406.000000,16284.000000,32748.000000,26385.000000,162.000000
EndFrame
SetLocation,-956.389906,1087.722260,6347.015442
SetRotation,-0.458302,0.000000,-0.888797,0.178687,0.979582,-0.092139,0.870650,-0.201043,-0.448944
EditCopy,15963.000000,33961.000000,25300.000000,15983.000000,32860.000000,25406.000000,16284.000000,32748.000000,26385.000000,163.000000
EndFrame
SetLocation,-956.389906,1087.722260,6347.015442
SetRotation,-0.458302,0.000000,-0.888797,0.178687,0.979582,-0.092139,0.870650,-0.201043,-0.448944
EditCopy,15957.000000,34257.000000,25291.000000,15983.000000,32860.000000,25406.000000,16284.000000,32748.000000,26385.000000,164.000000
EndFrame
SetLocation,-956.389906,1087.722260,6347.015442
SetRotation,-0.458302,0.000000,-0.888797,0.178687,0.979582,-0.092139,0.870650,-0.201043,-0.448944
EditCopy,15975.000000,34509.000000,25311.000000,15983.000000,32860.000000,25406.000000,16284.000000,32748.000000,26385.000000,165.000000
EndFrame
SetLocation,-956.389906,1087.722260,6347.015442
SetRotation,-0.458302,0.000000,-0.888797,0.178687,0.979582,-0.092139,0.870650,-0.201043,-0.448944
EditCopy,15990.000000,34720.000000,25355.000000,15983.000000,32860.000000,25406.000000,16284.000000,32748.000000,26385.000000,166.000000
EndFrame
SetLocation,-956.389906,1087.722260,6347.015442
SetRotation,-0.458302,0.000000,-0.888797,0.178687,0.979582,-0.092139,0.870650,-0.201043,-0.448944
EditCopy,15950.000000,34919.000000,25356.000000,15983.000000,32860.000000,25406.000000,16284.000000,32748.000000,26385.000000,167.000000
EndFrame
SetLocation,-956.389906,1087.722260,6347.015442
SetRotation,-0.458302,0.000000,-0.888797,0.178687,0.979582,-0.092139,0.870650,-0.201043,-0.448944
EditCopy,15993.000000,35088.000000,25291.000000,15983.000000,32860.000000,25406.000000,16284.000000,32748.000000,26385.000000,168.000000
EndFrame
SetLocation,-956.389906,1087.722260,6347.015442
SetRotation,-0.458302,0.000000,-0.888797,0.178687,0.979582,-0.092139,0.870650,-0.201043,-0.448944
EditCopy,16010.000000,35209.000000,25262.000000,15983.000000,32860.000000,25406.000000,16284.000000,32748.000000,26385.000000,169.000000
EndFrame
SetLocation,-956.389906,1087.722260,6347.015442
SetRotation,-0.458302,0.000000,-0.888797,0.178687,0.979582,-0.092139,0.870650,-0.201043,-0.448944
EditCopy,16018.000000,35263.000000,25252.000000,15983.000000,32860.000000,25406.000000,16284.000000,32748.000000,26385.000000,170.000000
EndFrame
SetLocation,-956.389906,1087.722260,6347.015442
SetRotation,-0.458302,0.000000,-0.888797,0.178687,0.979582,-0.092139,0.870650,-0.201043,-0.448944
EditCopy,15988.000000,35069.000000,25295.000000,15983.000000,32860.000000,25406.000000,16284.000000,32748.000000,26385.000000,171.000000
EndFrame
SetLocation,-956.389906,1087.722260,6347.015442
SetRotation,-0.458302,0.000000,-0.888797,0.178687,0.979582,-0.092139,0.870650,-0.201043,-0.448944
EditCopy,15913.000000,34848.000000,25368.000000,15983.000000,32860.000000,25406.000000,16284.000000,32748.000000,26385.000000,172.000000
EndFrame
SetLocation,-956.389906,1087.722260,6347.015442
SetRotation,-0.458302,0.000000,-0.888797,0.178687,0.979582,-0.092139,0.870650,-0.201043,-0.448944
EditCopy,15960.000000,34641.000000,25310.000000,15983.000000,32860.000000,25406.000000,16284.000000,32748.000000,26385.000000,173.000000
EndFrame
SetLocation,-956.389906,1087.722260,6347.015442
SetRotation,-0.458302,0.000000,-0.888797,0.178687,0.979582,-0.092139,0.870650,-0.201043,-0.448944
EditCopy,15972.000000,34355.000000,25308.000000,15983.000000,32860.000000,25406.000000,16284.000000,32748.000000,26385.000000,174.000000
EndFrame
SetLocation,-956.389906,1087.722260,6347.015442
SetRotation,-0.458302,0.000000,-0.888797,0.178687,0.979582,-0.092139,0.870650,-0.201043,-0.448944
EditCopy,15940.000000,34064.000000,25256.000000,15983.000000,32860.000000,25406.000000,16284.000000,32748.000000,26385.000000,175.000000
EndFrame
SetLocation,-956.389906,1087.722260,6347.015442
SetRotation,-0.458302,0.000000,-0.888797,0.178687,0.979582,-0.092139,0.870650,-0.201043,-0.448944
EditCopy,15937.000000,33825.000000,25246.000000,15983.000000,32860.000000,25406.000000,16284.000000,32748.000000,26385.000000,176.000000
EndFrame
SetLocation,-956.389906,1087.722260,6347.015442
SetRotation,-0.458302,0.000000,-0.888797,0.178687,0.979582,-0.092139,0.870650,-0.201043,-0.448944
EditCopy,15952.000000,33675.000000,25283.000000,15983.000000,32860.000000,25406.000000,16284.000000,32748.000000,26385.000000,177.000000
EndFrame
SetLocation,-956.389906,1087.722260,6347.015442
SetRotation,-0.458302,0.000000,-0.888797,0.178687,0.979582,-0.092139,0.870650,-0.201043,-0.448944
EditCopy,15956.000000,33451.000000,25289.000000,15983.000000,32860.000000,25406.000000,16284.000000,32748.000000,26385.000000,178.000000
EndFrame
SetLocation,-956.389906,1087.722260,6347.015442
SetRotation,-0.458302,0.000000,-0.888797,0.178687,0.979582,-0.092139,0.870650,-0.201043,-0.448944
EditCopy,15943.000000,33209.000000,25310.000000,15983.000000,32860.000000,25406.000000,16284.000000,32748.000000,26385.000000,179.000000
EndFrame
SetLocation,-956.389906,1087.722260,6347.015442
SetRotation,-0.458302,0.000000,-0.888797,0.178687,0.979582,-0.092139,0.870650,-0.201043,-0.448944
EditCopy,15942.000000,33063.000000,25336.000000,15983.000000,32860.000000,25406.000000,16284.000000,32748.000000,26385.000000,180.000000
EndFrame
SetLocation,-956.389906,1087.722260,6347.015442
SetRotation,-0.458302,0.000000,-0.888797,0.178687,0.979582,-0.092139,0.870650,-0.201043,-0.448944
EditCopy,15953.000000,33148.000000,25329.000000,15983.000000,32860.000000,25406.000000,16284.000000,32748.000000,26385.000000,181.000000
EndFrame
SetLocation,-956.389906,1087.722260,6347.015442
SetRotation,-0.458302,0.000000,-0.888797,0.178687,0.979582,-0.092139,0.870650,-0.201043,-0.448944
EditCopy,15986.000000,33566.000000,25321.000000,15983.000000,32860.000000,25406.000000,16284.000000,32748.000000,26385.000000,182.000000
EndFrame
SetLocation,-956.389906,1087.722260,6347.015442
SetRotation,-0.458302,0.000000,-0.888797,0.178687,0.979582,-0.092139,0.870650,-0.201043,-0.448944
EditCopy,15975.000000,33808.000000,25311.000000,15983.000000,32860.000000,25406.000000,16284.000000,32748.000000,26385.000000,183.000000
EndFrame
SetLocation,-956.389906,1087.722260,6347.015442
SetRotation,-0.458302,0.000000,-0.888797,0.178687,0.979582,-0.092139,0.870650,-0.201043,-0.448944
EditCopy,15975.000000,33999.000000,25311.000000,15983.000000,32860.000000,25406.000000,16284.000000,32748.000000,26385.000000,184.000000
EndFrame
SetLocation,-956.389906,1087.722260,6347.015442
SetRotation,-0.458302,0.000000,-0.888797,0.178687,0.979582,-0.092139,0.870650,-0.201043,-0.448944
EditCopy,15985.000000,34223.000000,25320.000000,15983.000000,32860.000000,25406.000000,16284.000000,32748.000000,26385.000000,185.000000
EndFrame
SetLocation,-956.389906,1087.722260,6347.015442
SetRotation,-0.458302,0.000000,-0.888797,0.178687,0.979582,-0.092139,0.870650,-0.201043,-0.448944
EditCopy,15978.000000,34438.000000,25313.000000,15983.000000,32860.000000,25406.000000,16284.000000,32748.000000,26385.000000,186.000000
EndFrame
SetLocation,-956.389906,1087.722260,6347.015442
SetRotation,-0.458302,0.000000,-0.888797,0.178687,0.979582,-0.092139,0.870650,-0.201043,-0.448944
EditCopy,15952.000000,34671.000000,25328.000000,15983.000000,32860.000000,25406.000000,16284.000000,32748.000000,26385.000000,187.000000
EndFrame
SetLocation,-956.389906,1087.722260,6347.015442
SetRotation,-0.458302,0.000000,-0.888797,0.178687,0.979582,-0.092139,0.870650,-0.201043,-0.448944
EditCopy,15936.000000,34934.000000,25331.000000,15983.000000,32860.000000,25406.000000,16284.000000,32748.000000,26385.000000,188.000000
EndFrame
SetLocation,-956.389906,1087.722260,6347.015442
SetRotation,-0.458302,0.000000,-0.888797,0.178687,0.979582,-0.092139,0.870650,-0.201043,-0.448944
EditCopy,15983.000000,35087.000000,25283.000000,15983.000000,32860.000000,25406.000000,16284.000000,32748.000000,26385.000000,189.000000
EndFrame
SetLocation,-956.389906,1087.722260,6347.015442
SetRotation,-0.458302,0.000000,-0.888797,0.178687,0.979582,-0.092139,0.870650,-0.201043,-0.448944
EditCopy,15931.000000,34763.000000,25302.000000,15983.000000,32860.000000,25406.000000,16284.000000,32748.000000,26385.000000,190.000000
EndFrame
SetLocation,-956.389906,1087.722260,6347.015442
SetRotation,-0.458302,0.000000,-0.888797,0.178687,0.979582,-0.092139,0.870650,-0.201043,-0.448944
EditCopy,15947.000000,34425.000000,25275.000000,15983.000000,32860.000000,25406.000000,16284.000000,32748.000000,26385.000000,191.000000
EndFrame
SetLocation,-956.389906,1087.722260,6347.015442
SetRotation,-0.458302,0.000000,-0.888797,0.178687,0.979582,-0.092139,0.870650,-0.201043,-0.448944
EditCopy,15976.000000,34120.000000,25312.000000,15983.000000,32860.000000,25406.000000,16284.000000,32748.000000,26385.000000,192.000000
EndFrame
SetLocation,-956.389906,1087.722260,6347.015442
SetRotation,-0.458302,0.000000,-0.888797,0.178687,0.979582,-0.092139,0.870650,-0.201043,-0.448944
EditCopy,15977.000000,33860.000000,25313.000000,15983.000000,32860.000000,25406.000000,16284.000000,32748.000000,26385.000000,193.000000
EndFrame
SetLocation,-956.389906,1087.722260,6347.015442
SetRotation,-0.458302,0.000000,-0.888797,0.178687,0.979582,-0.092139,0.870650,-0.201043,-0.448944
EditCopy,15963.000000,33684.000000,25301.000000,15983.000000,32860.000000,25406.000000,16284.000000,32748.000000,26385.000000,194.000000
EndFrame
SetLocation,-956.389906,1087.722260,6347.015442
SetRotation,-0.458302,0.000000,-0.888797,0.178687,0.979582,-0.092139,0.870650,-0.201043,-0.448944
EditCopy,15948.000000,33465.000000,25277.000000,15983.000000,32860.000000,25406.000000,16284.000000,32748.000000,26385.000000,195.000000
EndFrame
SetLocation,-956.389906,1087.722260,6347.015442
SetRotation,-0.458302,0.000000,-0.888797,0.178687,0.979582,-0.092139,0.870650,-0.201043,-0.448944
EditCopy,15930.000000,33223.000000,25287.000000,15983.000000,32860.000000,25406.000000,16284.000000,32748.000000,26385.000000,196.000000
EndFrame
SetLocation,-956.389906,1087.722260,6347.015442
SetRotation,-0.458302,0.000000,-0.888797,0.178687,0.979582,-0.092139,0.870650,-0.201043,-0.448944
EditCopy,15949.000000,33191.000000,25319.000000,15983.000000,32860.000000,25406.000000,16284.000000,32748.000000,26385.000000,197.000000
EndFrame
SetLocation,-956.389906,1087.722260,6347.015442
SetRotation,-0.458302,0.000000,-0.888797,0.178687,0.979582,-0.092139,0.870650,-0.201043,-0.448944
EditCopy,16010.000000,33718.000000,25334.000000,15983.000000,32860.000000,25406.000000,16284.000000,32748.000000,26385.000000,198.000000
EndFrame
SetLocation,-956.389906,1087.722260,6347.015442
SetRotation,-0.458302,0.000000,-0.888797,0.178687,0.979582,-0.092139,0.870650,-0.201043,-0.448944
EditCopy,15990.000000,33988.000000,25324.000000,15983.000000,32860.000000,25406.000000,16284.000000,32748.000000,26385.000000,199.000000
EndFrame
SetLocation,-956.389906,1087.722260,6347.015442
SetRotation,-0.458302,0.000000,-0.888797,0.178687,0.979582,-0.092139,0.870650,-0.201043,-0.448944
EditCopy,16003.000000,34247.000000,25331.000000,15983.000000,32860.000000,25406.000000,16284.000000,32748.000000,26385.000000,200.000000
EndFrame
SetLocation,-956.389906,1087.722260,6347.015442
SetRotation,-0.458302,0.000000,-0.888797,0.178687,0.979582,-0.092139,0.870650,-0.201043,-0.448944
EditCopy,16010.000000,34465.000000,25334.000000,15983.000000,32860.000000,25406.000000,16284.000000,32748.000000,26385.000000,201.000000
EndFrame
SetLocation,-956.389906,1087.722260,6347.015442
SetRotation,-0.458302,0.000000,-0.888797,0.178687,0.979582,-0.092139,0.870650,-0.201043,-0.448944
EditCopy,15960.000000,34704.000000,25335.000000,15983.000000,32860.000000,25406.000000,16284.000000,32748.000000,26385.000000,202.000000
EndFrame
SetLocation,-956.389906,1087.722260,6347.015442
SetRotation,-0.458302,0.000000,-0.888797,0.178687,0.979582,-0.092139,0.870650,-0.201043,-0.448944
EditCopy,15948.000000,34959.000000,25324.000000,15983.000000,32860.000000,25406.000000,16284.000000,32748.000000,26385.000000,203.000000
EndFrame
SetLocation,-956.389906,1087.722260,6347.015442
SetRotation,-0.458302,0.000000,-0.888797,0.178687,0.979582,-0.092139,0.870650,-0.201043,-0.448944
EditCopy,15975.000000,35057.000000,25291.000000,15983.000000,32860.000000,25406.000000,16284.000000,32748.000000,26385.000000,204.000000
EndFrame
SetLocation,-956.389906,1087.722260,6347.015442
SetRotation,-0.458302,0.000000,-0.888797,0.178687,0.979582,-0.092139,0.870650,-0.201043,-0.448944
EditCopy,15930.000000,34712.000000,25302.000000,15983.000000,32860.000000,25406.000000,16284.000000,32748.000000,26385.000000,205.000000
EndFrame
SetLocation,-956.389906,1087.722260,6347.015442
SetRotation,-0.458302,0.000000,-0.888797,0.178687,0.979582,-0.092139,0.870650,-0.201043,-0.448944
EditCopy,15940.000000,34447.000000,25253.000000,15983.000000,32860.000000,25406.000000,16284.000000,32748.000000,26385.000000,206.000000
EndFrame
SetLocation,-956.389906,1087.722260,6347.015442
SetRotation,-0.458302,0.000000,-0.888797,0.178687,0.979582,-0.092139,0.870650,-0.201043,-0.448944
EditCopy,15941.000000,34222.000000,25258.000000,15983.000000,32860.000000,25406.000000,16284.000000,32748.000000,26385.000000,207.000000
EndFrame
SetLocation,-956.389906,1087.722260,6347.015442
SetRotation,-0.458302,0.000000,-0.888797,0.178687,0.979582,-0.092139,0.870650,-0.201043,-0.448944
EditCopy,15940.000000,33991.000000,25254.000000,15983.000000,32860.000000,25406.000000,16284.000000,32748.000000,26385.000000,208.000000
EndFrame
SetLocation,-956.389906,1087.722260,6347.015442
SetRotation,-0.458302,0.000000,-0.888797,0.178687,0.979582,-0.092139,0.870650,-0.201043,-0.448944
EditCopy,15976.000000,33741.000000,25312.000000,15983.000000,32860.000000,25406.000000,16284.000000,32748.000000,26385.000000,209.000000
EndFrame
SetLocation,-956.389906,1087.722260,6347.015442
SetRotation,-0.458302,0.000000,-0.888797,0.178687,0.979582,-0.092139,0.870650,-0.201043,-0.448944
EditCopy,15962.000000,33444.000000,25299.000000,15983.000000,32860.000000,25406.000000,16284.000000,32748.000000,26385.000000,210.000000
EndFrame
SetLocation,-956.389906,1087.722260,6347.015442
SetRotation,-0.458302,0.000000,-0.888797,0.178687,0.979582,-0.092139,0.870650,-0.201043,-0.448944
EditCopy,15944.000000,33215.000000,25310.000000,15983.000000,32860.000000,25406.000000,16284.000000,32748.000000,26385.000000,211.000000
EndFrame
SetLocation,-956.389906,1087.722260,6347.015442
SetRotation,-0.458302,0.000000,-0.888797,0.178687,0.979582,-0.092139,0.870650,-0.201043,-0.448944
EditCopy,15933.000000,33043.000000,25332.000000,15983.000000,32860.000000,25406.000000,16284.000000,32748.000000,26385.000000,212.000000
EndFrame
SetLocation,-956.389906,1087.722260,6347.015442
SetRotation,-0.458302,0.000000,-0.888797,0.178687,0.979582,-0.092139,0.870650,-0.201043,-0.448944
EditCopy,15960.000000,33447.000000,25296.000000,15983.000000,32860.000000,25406.000000,16284.000000,32748.000000,26385.000000,213.000000
EndFrame
SetLocation,-956.389906,1087.722260,6347.015442
SetRotation,-0.458302,0.000000,-0.888797,0.178687,0.979582,-0.092139,0.870650,-0.201043,-0.448944
EditCopy,15949.000000,33934.000000,25279.000000,15983.000000,32860.000000,25406.000000,16284.000000,32748.000000,26385.000000,214.000000
EndFrame
SetLocation,-956.389906,1087.722260,6347.015442
SetRotation,-0.458302,0.000000,-0.888797,0.178687,0.979582,-0.092139,0.870650,-0.201043,-0.448944
EditCopy,15958.000000,34242.000000,25293.000000,15983.000000,32860.000000,25406.000000,16284.000000,32748.000000,26385.000000,215.000000
EndFrame
SetLocation,-956.389906,1087.722260,6347.015442
SetRotation,-0.458302,0.000000,-0.888797,0.178687,0.979582,-0.092139,0.870650,-0.201043,-0.448944
EditCopy,15941.000000,34526.000000,25259.000000,15983.000000,32860.000000,25406.000000,16284.000000,32748.000000,26385.000000,216.000000
EndFrame
SetLocation,-956.389906,1087.722260,6347.015442
SetRotation,-0.458302,0.000000,-0.888797,0.178687,0.979582,-0.092139,0.870650,-0.201043,-0.448944
EditCopy,15878.000000,34853.000000,25332.000000,15983.000000,32860.000000,25406.000000,16284.000000,32748.000000,26385.000000,217.000000
EndFrame
SetLocation,-956.389906,1087.722260,6347.015442
SetRotation,-0.458302,0.000000,-0.888797,0.178687,0.979582,-0.092139,0.870650,-0.201043,-0.448944
EditCopy,15974.000000,35062.000000,25285.000000,15983.000000,32860.000000,25406.000000,16284.000000,32748.000000,26385.000000,218.000000
EndFrame
SetLocation,-956.389906,1087.722260,6347.015442
SetRotation,-0.458302,0.000000,-0.888797,0.178687,0.979582,-0.092139,0.870650,-0.201043,-0.448944
EditCopy,16027.000000,35277.000000,25256.000000,15983.000000,32860.000000,25406.000000,16284.000000,32748.000000,26385.000000,219.000000
EndFrame
SetLocation,-956.389906,1087.722260,6347.015442
SetRotation,-0.458302,0.000000,-0.888797,0.178687,0.979582,-0.092139,0.870650,-0.201043,-0.448944
EditCopy,15976.000000,35052.000000,25293.000000,15983.000000,32860.000000,25406.000000,16284.000000,32748.000000,26385.000000,220.000000
EndFrame
SetLocation,-956.389906,1087.722260,6347.015442
SetRotation,-0.458302,0.000000,-0.888797,0.178687,0.979582,-0.092139,0.870650,-0.201043,-0.448944
EditCopy,15959.000000,34616.000000,25295.000000,15983.000000,32860.000000,25406.000000,16284.000000,32748.000000,26385.000000,221.000000
EndFrame
