SetLocation,1.455062,1.172321,1.486608
SetRotation,0.020911,0.000000,-0.999781,0.024776,0.999693,0.000518,0.999474,-0.024781,0.020905
EndFrame
SetLocation,1.455062,1.172321,1.486608
SetRotation,0.020911,0.000000,-0.999781,0.024776,0.999693,0.000518,0.999474,-0.024781,0.020905
EndFrame
SetLocation,1.455062,1.172321,1.486608
SetRotation,0.020911,0.000000,-0.999781,0.024776,0.999693,0.000518,0.999474,-0.024781,0.020905
EndFrame
SetLocation,1.455062,1.172321,1.486608
SetRotation,0.020911,0.000000,-0.999781,0.024776,0.999693,0.000518,0.999474,-0.024781,0.020905
EndFrame
SetLocation,1.455062,1.172321,1.486608
SetRotation,0.020911,0.000000,-0.999781,0.024776,0.999693,0.000518,0.999474,-0.024781,0.020905
EndFrame
SetLocation,1.455062,1.172321,1.486608
SetRotation,0.020911,0.000000,-0.999781,0.024776,0.999693,0.000518,0.999474,-0.024781,0.020905
EndFrame
SetLocation,1.455062,1.172321,1.486608
SetRotation,0.020911,0.000000,-0.999781,0.024776,0.999693,0.000518,0.999474,-0.024781,0.020905
EndFrame
SetLocation,1.504284,1.171101,1.487638
SetRotation,0.020911,0.000000,-0.999781,0.024776,0.999693,0.000518,0.999474,-0.024781,0.020905
EndFrame
SetLocation,1.552432,1.169907,1.488645
SetRotation,0.020911,0.000000,-0.999781,0.024776,0.999693,0.000518,0.999474,-0.024781,0.020905
EndFrame
SetLocation,1.600686,1.168711,1.489654
SetRotation,0.020911,0.000000,-0.999781,0.024776,0.999693,0.000518,0.999474,-0.024781,0.020905
EndFrame
SetLocation,1.649192,1.167508,1.490669
SetRotation,0.020911,0.000000,-0.999781,0.024776,0.999693,0.000518,0.999474,-0.024781,0.020905
EndFrame
SetLocation,1.697942,1.166299,1.491688
SetRotation,0.020911,0.000000,-0.999781,0.024776,0.999693,0.000518,0.999474,-0.024781,0.020905
EndFrame
SetLocation,1.746783,1.165088,1.492710
SetRotation,0.020911,0.000000,-0.999781,0.024776,0.999693,0.000518,0.999474,-0.024781,0.020905
EndFrame
SetLocation,1.795696,1.163876,1.493733
SetRotation,0.020911,0.000000,-0.999781,0.024776,0.999693,0.000518,0.999474,-0.024781,0.020905
EndFrame
SetLocation,1.844709,1.162660,1.494758
SetRotation,0.020911,0.000000,-0.999781,0.024776,0.999693,0.000518,0.999474,-0.024781,0.020905
EndFrame
SetLocation,1.893770,1.161444,1.495784
SetRotation,0.020911,0.000000,-0.999781,0.024776,0.999693,0.000518,0.999474,-0.024781,0.020905
EndFrame
SetLocation,1.943127,1.160220,1.496816
SetRotation,0.020911,0.000000,-0.999781,0.024776,0.999693,0.000518,0.999474,-0.024781,0.020905
EndFrame
SetLocation,1.992656,1.158992,1.497852
SetRotation,0.020911,0.000000,-0.999781,0.024776,0.999693,0.000518,0.999474,-0.024781,0.020905
EndFrame
SetLocation,2.042047,1.157767,1.498885
SetRotation,0.020911,0.000000,-0.999781,0.024776,0.999693,0.000518,0.999474,-0.024781,0.020905
EndFrame
SetLocation,2.091513,1.156541,1.499920
SetRotation,0.020911,0.000000,-0.999781,0.024776,0.999693,0.000518,0.999474,-0.024781,0.020905
EndFrame
SetLocation,2.141087,1.155312,1.500957
SetRotation,0.020911,0.000000,-0.999781,0.024776,0.999693,0.000518,0.999474,-0.024781,0.020905
EndFrame
SetLocation,2.190944,1.154076,1.502000
SetRotation,0.020911,0.000000,-0.999781,0.024776,0.999693,0.000518,0.999474,-0.024781,0.020905
EndFrame
SetLocation,2.241193,1.152830,1.503051
SetRotation,0.020911,0.000000,-0.999781,0.024776,0.999693,0.000518,0.999474,-0.024781,0.020905
EndFrame
SetLocation,2.291353,1.151586,1.504100
SetRotation,0.020911,0.000000,-0.999781,0.024776,0.999693,0.000518,0.999474,-0.024781,0.020905
EndFrame
SetLocation,2.341802,1.150335,1.505155
SetRotation,0.020911,0.000000,-0.999781,0.024776,0.999693,0.000518,0.999474,-0.024781,0.020905
EndFrame
SetLocation,2.392365,1.149082,1.506213
SetRotation,0.020911,0.000000,-0.999781,0.024776,0.999693,0.000518,0.999474,-0.024781,0.020905
EndFrame
SetLocation,2.442988,1.147826,1.507272
SetRotation,0.020911,0.000000,-0.999781,0.024776,0.999693,0.000518,0.999474,-0.024781,0.020905
EndFrame
SetLocation,2.494140,1.146558,1.508341
SetRotation,0.020911,0.000000,-0.999781,0.024776,0.999693,0.000518,0.999474,-0.024781,0.020905
EndFrame
SetLocation,2.545418,1.145287,1.509414
SetRotation,0.020911,0.000000,-0.999781,0.024776,0.999693,0.000518,0.999474,-0.024781,0.020905
EndFrame
SetLocation,2.596204,1.144027,1.510476
SetRotation,0.020911,0.000000,-0.999781,0.024776,0.999693,0.000518,0.999474,-0.024781,0.020905
EndFrame
SetLocation,2.647140,1.142765,1.511542
SetRotation,0.020911,0.000000,-0.999781,0.024776,0.999693,0.000518,0.999474,-0.024781,0.020905
EndFrame
SetLocation,2.698395,1.141494,1.512614
SetRotation,0.020911,0.000000,-0.999781,0.024776,0.999693,0.000518,0.999474,-0.024781,0.020905
EndFrame
SetLocation,2.749741,1.140221,1.513688
SetRotation,0.020911,0.000000,-0.999781,0.024776,0.999693,0.000518,0.999474,-0.024781,0.020905
EndFrame
SetLocation,2.801702,1.138932,1.514774
SetRotation,0.020911,0.000000,-0.999781,0.024776,0.999693,0.000518,0.999474,-0.024781,0.020905
EndFrame
SetLocation,2.853850,1.137639,1.515865
SetRotation,0.020911,0.000000,-0.999781,0.024776,0.999693,0.000518,0.999474,-0.024781,0.020905
EndFrame
SetLocation,2.905949,1.136348,1.516955
SetRotation,0.020911,0.000000,-0.999781,0.024776,0.999693,0.000518,0.999474,-0.024781,0.020905
EndFrame
SetLocation,2.958184,1.135052,1.518047
SetRotation,0.020911,0.000000,-0.999781,0.024776,0.999693,0.000518,0.999474,-0.024781,0.020905
EndFrame
SetLocation,3.010533,1.133754,1.519142
SetRotation,0.020911,0.000000,-0.999781,0.024776,0.999693,0.000518,0.999474,-0.024781,0.020905
EndFrame
SetLocation,3.062931,1.132455,1.520238
SetRotation,0.020911,0.000000,-0.999781,0.024776,0.999693,0.000518,0.999474,-0.024781,0.020905
EndFrame
SetLocation,3.115633,1.131149,1.521341
SetRotation,0.020911,0.000000,-0.999781,0.024776,0.999693,0.000518,0.999474,-0.024781,0.020905
EndFrame
SetLocation,3.168442,1.129839,1.522445
SetRotation,0.020911,0.000000,-0.999781,0.024776,0.999693,0.000518,0.999474,-0.024781,0.020905
EndFrame
SetLocation,3.221419,1.128526,1.523553
SetRotation,0.020911,0.000000,-0.999781,0.024776,0.999693,0.000518,0.999474,-0.024781,0.020905
EndFrame
SetLocation,3.274508,1.127209,1.524664
SetRotation,0.020911,0.000000,-0.999781,0.024776,0.999693,0.000518,0.999474,-0.024781,0.020905
EndFrame
SetLocation,3.328149,1.125879,1.525786
SetRotation,0.020911,0.000000,-0.999781,0.024776,0.999693,0.000518,0.999474,-0.024781,0.020905
EndFrame
SetLocation,3.382121,1.124541,1.526914
SetRotation,0.020911,0.000000,-0.999781,0.024776,0.999693,0.000518,0.999474,-0.024781,0.020905
EndFrame
SetLocation,3.436107,1.123203,1.528044
SetRotation,0.020911,0.000000,-0.999781,0.024776,0.999693,0.000518,0.999474,-0.024781,0.020905
EndFrame
SetLocation,3.490265,1.121860,1.529176
SetRotation,0.020911,0.000000,-0.999781,0.024776,0.999693,0.000518,0.999474,-0.024781,0.020905
EndFrame
SetLocation,3.544603,1.120513,1.530313
SetRotation,0.020911,0.000000,-0.999781,0.024776,0.999693,0.000518,0.999474,-0.024781,0.020905
EndFrame
SetLocation,3.599137,1.119160,1.531453
SetRotation,0.020911,0.000000,-0.999781,0.024776,0.999693,0.000518,0.999474,-0.024781,0.020905
EndFrame
SetLocation,3.654275,1.117793,1.532607
SetRotation,0.020911,0.000000,-0.999781,0.024776,0.999693,0.000518,0.999474,-0.024781,0.020905
EndFrame
SetLocation,3.706971,1.116487,1.533709
SetRotation,0.020911,0.000000,-0.999781,0.024776,0.999693,0.000518,0.999474,-0.024781,0.020905
EndFrame
SetLocation,3.759912,1.115174,1.534816
SetRotation,0.020911,0.000000,-0.999781,0.024776,0.999693,0.000518,0.999474,-0.024781,0.020905
EndFrame
SetLocation,3.813146,1.113854,1.535930
SetRotation,0.020911,0.000000,-0.999781,0.024776,0.999693,0.000518,0.999474,-0.024781,0.020905
EndFrame
SetLocation,3.866720,1.112526,1.537050
SetRotation,0.020911,0.000000,-0.999781,0.024776,0.999693,0.000518,0.999474,-0.024781,0.020905
EndFrame
SetLocation,3.920388,1.111195,1.538173
SetRotation,0.020911,0.000000,-0.999781,0.024776,0.999693,0.000518,0.999474,-0.024781,0.020905
EndFrame
SetLocation,3.974319,1.109858,1.539301
SetRotation,0.020911,0.000000,-0.999781,0.024776,0.999693,0.000518,0.999474,-0.024781,0.020905
EndFrame
SetLocation,4.028588,1.108512,1.540436
SetRotation,0.020911,0.000000,-0.999781,0.024776,0.999693,0.000518,0.999474,-0.024781,0.020905
EndFrame
SetLocation,4.083185,1.107159,1.541578
SetRotation,0.020911,0.000000,-0.999781,0.024776,0.999693,0.000518,0.999474,-0.024781,0.020905
EndFrame
SetLocation,4.138162,1.105796,1.542728
SetRotation,0.020911,0.000000,-0.999781,0.024776,0.999693,0.000518,0.999474,-0.024781,0.020905
EndFrame
SetLocation,4.193492,1.104424,1.543885
SetRotation,0.020911,0.000000,-0.999781,0.024776,0.999693,0.000518,0.999474,-0.024781,0.020905
EndFrame
SetLocation,4.248946,1.103049,1.545045
SetRotation,0.020911,0.000000,-0.999781,0.024776,0.999693,0.000518,0.999474,-0.024781,0.020905
EndFrame
SetLocation,4.304659,1.101667,1.546210
SetRotation,0.020911,0.000000,-0.999781,0.024776,0.999693,0.000518,0.999474,-0.024781,0.020905
EndFrame
SetLocation,4.361330,1.100262,1.547395
SetRotation,0.020911,0.000000,-0.999781,0.024776,0.999693,0.000518,0.999474,-0.024781,0.020905
EndFrame
SetLocation,4.418338,1.098849,1.548588
SetRotation,0.020911,0.000000,-0.999781,0.024776,0.999693,0.000518,0.999474,-0.024781,0.020905
EndFrame
SetLocation,4.475895,1.097422,1.549792
SetRotation,0.020911,0.000000,-0.999781,0.024776,0.999693,0.000518,0.999474,-0.024781,0.020905
EndFrame
SetLocation,4.534354,1.095972,1.551014
SetRotation,0.020911,0.000000,-0.999781,0.024776,0.999693,0.000518,0.999474,-0.024781,0.020905
EndFrame
SetLocation,4.593780,1.094499,1.552257
SetRotation,0.020911,0.000000,-0.999781,0.024776,0.999693,0.000518,0.999474,-0.024781,0.020905
EndFrame
SetLocation,4.654006,1.093006,1.553517
SetRotation,0.020911,0.000000,-0.999781,0.024776,0.999693,0.000518,0.999474,-0.024781,0.020905
EndFrame
SetLocation,4.715255,1.091487,1.554798
SetRotation,0.020911,0.000000,-0.999781,0.024776,0.999693,0.000518,0.999474,-0.024781,0.020905
EndFrame
SetLocation,4.777431,1.089945,1.556099
SetRotation,0.020911,0.000000,-0.999781,0.024776,0.999693,0.000518,0.999474,-0.024781,0.020905
EndFrame
SetLocation,4.841383,1.088360,1.557436
SetRotation,0.020911,0.000000,-0.999781,0.024776,0.999693,0.000518,0.999474,-0.024781,0.020905
EndFrame
SetLocation,4.906697,1.086740,1.558802
SetRotation,0.020911,0.000000,-0.999781,0.024776,0.999693,0.000518,0.999474,-0.024781,0.020905
EndFrame
SetLocation,4.973781,1.085077,1.560205
SetRotation,0.020911,0.000000,-0.999781,0.024776,0.999693,0.000518,0.999474,-0.024781,0.020905
EndFrame
SetLocation,5.042437,1.083375,1.561641
SetRotation,0.020911,0.000000,-0.999781,0.024776,0.999693,0.000518,0.999474,-0.024781,0.020905
EndFrame
SetLocation,5.113148,1.081621,1.563120
SetRotation,0.020911,0.000000,-0.999781,0.024776,0.999693,0.000518,0.999474,-0.024781,0.020905
EndFrame
SetLocation,5.186718,1.079797,1.564659
SetRotation,0.020911,0.000000,-0.999781,0.024776,0.999693,0.000518,0.999474,-0.024781,0.020905
EndFrame
SetLocation,5.262526,1.077918,1.566245
SetRotation,0.020911,0.000000,-0.999781,0.024776,0.999693,0.000518,0.999474,-0.024781,0.020905
EndFrame
SetLocation,5.341769,1.075953,1.567902
SetRotation,0.020911,0.000000,-0.999781,0.024776,0.999693,0.000518,0.999474,-0.024781,0.020905
EndFrame
SetLocation,5.424905,1.073892,1.569641
SetRotation,0.020911,0.000000,-0.999781,0.024776,0.999693,0.000518,0.999474,-0.024781,0.020905
EndFrame
SetLocation,5.513898,1.071685,1.571503
SetRotation,0.020911,0.000000,-0.999781,0.024776,0.999693,0.000518,0.999474,-0.024781,0.020905
EndFrame
SetLocation,5.606969,1.069377,1.573449
SetRotation,0.020911,0.000000,-0.999781,0.024776,0.999693,0.000518,0.999474,-0.024781,0.020905
EndFrame
SetLocation,5.704317,1.066964,1.575485
SetRotation,0.020911,0.000000,-0.999781,0.024776,0.999693,0.000518,0.999474,-0.024781,0.020905
EndFrame
SetLocation,5.807986,1.064393,1.577654
SetRotation,0.020911,0.000000,-0.999781,0.024776,0.999693,0.000518,0.999474,-0.024781,0.020905
EndFrame
SetLocation,5.911066,1.061890,1.478767
SetRotation,0.020911,0.000000,-0.999781,0.024776,0.999693,0.000518,0.999474,-0.024781,0.020905
EndFrame
SetLocation,6.013510,1.059402,1.380490
SetRotation,0.020911,0.000000,-0.999781,0.024776,0.999693,0.000518,0.999474,-0.024781,0.020905
EndFrame
SetLocation,6.115740,1.056919,1.282419
SetRotation,0.020911,0.000000,-0.999781,0.024776,0.999693,0.000518,0.999474,-0.024781,0.020905
EndFrame
SetLocation,6.217944,1.054437,1.184373
SetRotation,0.020911,0.000000,-0.999781,0.024776,0.999693,0.000518,0.999474,-0.024781,0.020905
EndFrame
SetLocation,6.320011,1.051958,1.086458
SetRotation,0.020911,0.000000,-0.999781,0.024776,0.999693,0.000518,0.999474,-0.024781,0.020905
EndFrame
SetLocation,6.422211,1.049476,0.988415
SetRotation,0.020911,0.000000,-0.999781,0.024776,0.999693,0.000518,0.999474,-0.024781,0.020905
EndFrame
SetLocation,6.524152,1.047000,0.890621
SetRotation,0.020911,0.000000,-0.999781,0.024776,0.999693,0.000518,0.999474,-0.024781,0.020905
EndFrame
SetLocation,6.626408,1.044517,0.792525
SetRotation,0.020911,0.000000,-0.999781,0.024776,0.999693,0.000518,0.999474,-0.024781,0.020905
EndFrame
SetLocation,6.728945,1.042027,0.694159
SetRotation,0.020911,0.000000,-0.999781,0.024776,0.999693,0.000518,0.999474,-0.024781,0.020905
EndFrame
SetLocation,6.834180,1.140188,0.595651
SetRotation,0.020911,0.000000,-0.999781,0.024776,0.999693,0.000518,0.999474,-0.024781,0.020905
EndFrame
SetLocation,6.940297,1.239173,0.496316
SetRotation,0.020911,0.000000,-0.999781,0.024776,0.999693,0.000518,0.999474,-0.024781,0.020905
EndFrame
SetLocation,7.044587,1.336453,0.398692
SetRotation,0.020911,0.000000,-0.999781,0.024776,0.999693,0.000518,0.999474,-0.024781,0.020905
EndFrame
SetLocation,7.149949,1.434733,0.300065
SetRotation,0.020911,0.000000,-0.999781,0.024776,0.999693,0.000518,0.999474,-0.024781,0.020905
EndFrame
SetLocation,7.255971,1.533629,0.200819
SetRotation,0.020911,0.000000,-0.999781,0.024776,0.999693,0.000518,0.999474,-0.024781,0.020905
EndFrame
SetLocation,7.361916,1.632453,0.101646
SetRotation,0.020911,0.000000,-0.999781,0.024776,0.999693,0.000518,0.999474,-0.024781,0.020905
EndFrame
SetLocation,7.467021,1.730493,0.003259
SetRotation,0.020911,0.000000,-0.999781,0.024776,0.999693,0.000518,0.999474,-0.024781,0.020905
EndFrame
SetLocation,7.570435,1.826956,-0.093545
SetRotation,0.020911,0.000000,-0.999781,0.024776,0.999693,0.000518,0.999474,-0.024781,0.020905
EndFrame
SetLocation,7.672724,1.922370,-0.189296
SetRotation,0.020911,0.000000,-0.999781,0.024776,0.999693,0.000518,0.999474,-0.024781,0.020905
EndFrame
SetLocation,7.774644,2.017439,-0.284702
SetRotation,0.020911,0.000000,-0.999781,0.024776,0.999693,0.000518,0.999474,-0.024781,0.020905
EndFrame
SetLocation,7.876404,2.112360,-0.379958
SetRotation,0.020911,0.000000,-0.999781,0.024776,0.999693,0.000518,0.999474,-0.024781,0.020905
EndFrame
SetLocation,7.975089,2.204412,-0.472335
SetRotation,0.020911,0.000000,-0.999781,0.024776,0.999693,0.000518,0.999474,-0.024781,0.020905
EndFrame
SetLocation,8.066171,2.289372,-0.557596
SetRotation,0.020911,0.000000,-0.999781,0.024776,0.999693,0.000518,0.999474,-0.024781,0.020905
EndFrame
SetLocation,8.149928,2.367499,-0.635999
SetRotation,0.020911,0.000000,-0.999781,0.024776,0.999693,0.000518,0.999474,-0.024781,0.020905
EndFrame
SetLocation,8.224164,2.365696,-0.707215
SetRotation,0.020911,0.000000,-0.999781,0.024776,0.999693,0.000518,0.999474,-0.024781,0.020905
EndFrame
SetLocation,8.290577,2.364083,-0.770926
SetRotation,0.020911,0.000000,-0.999781,0.024776,0.999693,0.000518,0.999474,-0.024781,0.020905
EndFrame
SetLocation,8.351800,2.362596,-0.829659
SetRotation,0.020911,0.000000,-0.999781,0.024776,0.999693,0.000518,0.999474,-0.024781,0.020905
EndFrame
SetLocation,8.414120,2.361083,-0.889444
SetRotation,0.020911,0.000000,-0.999781,0.024776,0.999693,0.000518,0.999474,-0.024781,0.020905
EndFrame
SetLocation,8.477321,2.359548,-0.950074
SetRotation,0.020911,0.000000,-0.999781,0.024776,0.999693,0.000518,0.999474,-0.024781,0.020905
EndFrame
SetLocation,8.542755,2.357959,-1.012846
SetRotation,0.020911,0.000000,-0.999781,0.024776,0.999693,0.000518,0.999474,-0.024781,0.020905
EndFrame
SetLocation,8.611498,2.356289,-1.078792
SetRotation,0.020911,0.000000,-0.999781,0.024776,0.999693,0.000518,0.999474,-0.024781,0.020905
EndFrame
SetLocation,8.685151,2.354501,-1.149449
SetRotation,0.020911,0.000000,-0.999781,0.024776,0.999693,0.000518,0.999474,-0.024781,0.020905
EndFrame
SetLocation,8.765515,2.352549,-1.226544
SetRotation,0.020911,0.000000,-0.999781,0.024776,0.999693,0.000518,0.999474,-0.024781,0.020905
EndFrame
SetLocation,8.853124,2.350377,-1.224712
SetRotation,0.020911,0.000000,-0.999781,0.024776,0.999693,0.000518,0.999474,-0.024781,0.020905
EndFrame
SetLocation,8.945769,2.348080,-1.222774
SetRotation,0.020911,0.000000,-0.999781,0.024776,0.999693,0.000518,0.999474,-0.024781,0.020905
EndFrame
SetLocation,9.037732,2.345799,-1.220850
SetRotation,0.020911,0.000000,-0.999781,0.024776,0.999693,0.000518,0.999474,-0.024781,0.020905
EndFrame
SetLocation,9.129161,2.343533,-1.218938
SetRotation,0.020911,0.000000,-0.999781,0.024776,0.999693,0.000518,0.999474,-0.024781,0.020905
EndFrame
SetLocation,9.220123,2.341277,-1.217035
SetRotation,0.020911,0.000000,-0.999781,0.024776,0.999693,0.000518,0.999474,-0.024781,0.020905
EndFrame
SetLocation,9.310438,2.339038,-1.215146
SetRotation,0.020911,0.000000,-0.999781,0.024776,0.999693,0.000518,0.999474,-0.024781,0.020905
EndFrame
SetLocation,9.400163,2.336813,-1.213270
SetRotation,0.020911,0.000000,-0.999781,0.024776,0.999693,0.000518,0.999474,-0.024781,0.020905
EndFrame
SetLocation,9.489848,2.334590,-1.211394
SetRotation,0.020911,0.000000,-0.999781,0.024776,0.999693,0.000518,0.999474,-0.024781,0.020905
EndFrame
SetLocation,9.580853,2.332379,-1.298696
SetRotation,0.020911,0.000000,-0.999781,0.024776,0.999693,0.000518,0.999474,-0.024781,0.020905
EndFrame
SetLocation,9.670712,2.330197,-1.384901
SetRotation,0.020911,0.000000,-0.999781,0.024776,0.999693,0.000518,0.999474,-0.024781,0.020905
EndFrame
SetLocation,9.759442,2.328042,-1.470021
SetRotation,0.165565,0.000000,-0.986199,0.024439,0.999693,0.004103,0.985896,-0.024781,0.165514
EndFrame
SetLocation,9.873670,2.325584,-1.551435
SetRotation,0.326149,0.000000,-0.945318,0.023426,0.999693,0.008082,0.945028,-0.024781,0.326049
EndFrame
SetLocation,10.011221,2.322902,-1.618445
SetRotation,0.490952,0.000000,-0.871186,0.021589,0.999693,0.012166,0.870919,-0.024781,0.490802
EndFrame
SetLocation,10.164673,2.320110,-1.661305
SetRotation,0.645450,0.000000,-0.763803,0.018928,0.999693,0.015995,0.763568,-0.024781,0.645252
EndFrame
SetLocation,10.322350,2.317337,-1.674572
SetRotation,0.645450,0.000000,-0.763803,0.018928,0.999693,0.015995,0.763568,-0.024781,0.645252
EndFrame
SetLocation,10.475908,2.314636,-1.687492
SetRotation,0.645450,0.000000,-0.763803,0.018928,0.999693,0.015995,0.763568,-0.024781,0.645252
EndFrame
SetLocation,10.627798,2.311965,-1.700271
SetRotation,0.645450,0.000000,-0.763803,0.018928,0.999693,0.015995,0.763568,-0.024781,0.645252
EndFrame
SetLocation,10.777469,2.309332,-1.712864
SetRotation,0.645450,0.000000,-0.763803,0.018928,0.999693,0.015995,0.763568,-0.024781,0.645252
EndFrame
SetLocation,10.844908,2.309332,-1.792668
SetRotation,0.645450,0.000000,-0.763803,0.018928,0.999693,0.015995,0.763568,-0.024781,0.645252
EndFrame
SetLocation,10.911596,2.309332,-1.871585
SetRotation,0.645450,0.000000,-0.763803,0.018928,0.999693,0.015995,0.763568,-0.024781,0.645252
EndFrame
SetLocation,10.977577,2.309332,-1.949665
SetRotation,0.765980,0.000000,-0.642865,0.015931,0.999693,0.018982,0.642667,-0.024781,0.765745
EndFrame
SetLocation,11.055792,2.309332,-2.015308
SetRotation,0.864082,0.000000,-0.503352,0.012474,0.999693,0.021413,0.503197,-0.024781,0.863816
EndFrame
SetLocation,11.145771,2.309332,-2.067724
SetRotation,0.938225,0.000000,-0.346026,0.008575,0.999693,0.023250,0.345920,-0.024781,0.937937
EndFrame
SetLocation,11.248823,2.309332,-2.105730
SetRotation,0.985644,0.000000,-0.168839,0.004184,0.999693,0.024426,0.168787,-0.024781,0.985341
EndFrame
SetLocation,11.353341,2.309332,-2.123634
SetRotation,0.985644,0.000000,-0.168839,0.004184,0.999693,0.024426,0.168787,-0.024781,0.985341
EndFrame
SetLocation,11.458557,2.309332,-2.141657
SetRotation,0.985644,0.000000,-0.168839,0.004184,0.999693,0.024426,0.168787,-0.024781,0.985341
EndFrame
SetLocation,11.564384,2.309332,-2.159785
SetRotation,0.985644,0.000000,-0.168839,-0.026027,0.988047,-0.151938,0.166821,0.154151,0.973863
EndFrame
SetLocation,11.679911,2.309332,-2.179575
SetRotation,0.985644,-0.000000,-0.168839,-0.058018,0.939106,-0.338695,0.158558,0.343628,0.925624
EndFrame
SetLocation,11.783212,2.309332,-2.197270
SetRotation,0.985644,-0.000000,-0.168839,-0.058018,0.939106,-0.338695,0.158558,0.343628,0.925624
EndFrame
SetLocation,11.887432,2.309332,-2.215123
SetRotation,0.985644,-0.000000,-0.168839,-0.058018,0.939106,-0.338695,0.158558,0.343628,0.925624
EndFrame
SetLocation,11.992338,2.309332,-2.233093
SetRotation,0.985644,-0.000000,-0.168839,-0.058018,0.939106,-0.338695,0.158558,0.343628,0.925624
EndFrame
SetLocation,12.098116,2.309332,-2.251212
SetRotation,0.985644,-0.000000,-0.168839,-0.058018,0.939106,-0.338695,0.158558,0.343628,0.925624
EndFrame
SetLocation,12.204702,2.309332,-2.269470
SetRotation,0.985644,-0.000000,-0.168839,-0.058018,0.939106,-0.338695,0.158558,0.343628,0.925624
EndFrame
SetLocation,12.312618,2.309332,-2.287956
SetRotation,0.985644,-0.000000,-0.168839,-0.058018,0.939106,-0.338695,0.158558,0.343628,0.925624
EndFrame
SetLocation,12.422184,2.309332,-2.306725
SetRotation,0.985644,-0.000000,-0.168839,-0.058018,0.939106,-0.338695,0.158558,0.343628,0.925624
EndFrame
SetLocation,12.533048,2.309332,-2.325715
SetRotation,0.985644,-0.000000,-0.168839,-0.058018,0.939106,-0.338695,0.158558,0.343628,0.925624
EndFrame
SetLocation,12.644780,2.309332,-2.344855
SetRotation,0.985644,-0.000000,-0.168839,-0.058018,0.939106,-0.338695,0.158558,0.343628,0.925624
EndFrame
SetLocation,12.758337,2.309332,-2.364307
SetRotation,0.985644,-0.000000,-0.168839,-0.058018,0.939106,-0.338695,0.158558,0.343628,0.925624
EndFrame
SetLocation,12.872928,2.309332,-2.383936
SetRotation,0.985644,-0.000000,-0.168839,-0.058018,0.939106,-0.338695,0.158558,0.343628,0.925624
EndFrame
SetLocation,12.984532,2.309332,-2.403054
SetRotation,0.985644,-0.000000,-0.168839,-0.058018,0.939106,-0.338695,0.158558,0.343628,0.925624
EndFrame
SetLocation,13.099130,2.309332,-2.422684
SetRotation,0.999693,-0.000000,0.024779,0.008515,0.939106,-0.343523,-0.023271,0.343628,0.938817
EndFrame
SetLocation,13.196862,2.309332,-2.420262
SetRotation,0.999693,-0.000000,0.024779,0.008515,0.939106,-0.343523,-0.023271,0.343628,0.938817
EndFrame
SetLocation,13.313523,2.309332,-2.417370
SetRotation,0.999693,-0.000000,0.024779,0.008515,0.939106,-0.343523,-0.023271,0.343628,0.938817
EndFrame
SetLocation,13.429584,2.309332,-2.414493
SetRotation,0.999693,-0.000000,0.024779,0.008515,0.939106,-0.343523,-0.023271,0.343628,0.938817
EndFrame
SetLocation,13.544707,2.309332,-2.411640
SetRotation,0.999693,-0.000000,0.024779,0.008515,0.939106,-0.343523,-0.023271,0.343628,0.938817
EndFrame
SetLocation,13.658776,2.309332,-2.408812
SetRotation,0.999693,-0.000000,0.024779,0.008515,0.939106,-0.343523,-0.023271,0.343628,0.938817
EndFrame
SetLocation,13.770629,2.309332,-2.406040
SetRotation,0.999693,-0.000000,0.024779,0.008515,0.939106,-0.343523,-0.023271,0.343628,0.938817
EndFrame
SetLocation,13.881534,2.309332,-2.403291
SetRotation,0.999693,-0.000000,0.024779,0.008515,0.939106,-0.343523,-0.023271,0.343628,0.938817
EndFrame
SetLocation,13.990517,2.309332,-2.400589
SetRotation,0.999693,-0.000000,0.024779,0.008515,0.939106,-0.343523,-0.023271,0.343628,0.938817
EndFrame
SetLocation,14.097950,2.309332,-2.397926
SetRotation,0.999693,-0.000000,0.024779,0.008515,0.939106,-0.343523,-0.023271,0.343628,0.938817
EndFrame
SetLocation,14.204031,2.309332,-2.395297
SetRotation,0.999693,-0.000000,0.024779,0.008515,0.939106,-0.343523,-0.023271,0.343628,0.938817
EndFrame
SetLocation,14.308833,2.309332,-2.392699
SetRotation,0.999693,-0.000000,0.024779,0.008515,0.939106,-0.343523,-0.023271,0.343628,0.938817
EndFrame
SetLocation,14.412582,2.309332,-2.390127
SetRotation,0.980396,-0.000000,0.197035,0.067707,0.939106,-0.336892,-0.185037,0.343628,0.920696
EndFrame
SetLocation,14.521142,2.309332,-2.368310
SetRotation,0.980396,-0.000000,0.197035,0.067707,0.939106,-0.336892,-0.185037,0.343628,0.920696
EndFrame
SetLocation,14.629001,2.309332,-2.346633
SetRotation,0.980396,-0.000000,0.197035,0.067707,0.939106,-0.336892,-0.185037,0.343628,0.920696
EndFrame
SetLocation,14.735899,2.309332,-2.325149
SetRotation,0.980396,-0.000000,0.197035,0.067707,0.939106,-0.336892,-0.185037,0.343628,0.920696
EndFrame
SetLocation,14.841481,2.309332,-2.303929
SetRotation,0.980396,-0.000000,0.197035,0.067707,0.939106,-0.336892,-0.185037,0.343628,0.920696
EndFrame
SetLocation,14.945659,2.309332,-2.282992
SetRotation,0.980396,-0.000000,0.197035,0.067707,0.939106,-0.336892,-0.185037,0.343628,0.920696
EndFrame
SetLocation,15.048803,2.309332,-2.262263
SetRotation,0.980396,-0.000000,0.197035,0.067707,0.939106,-0.336892,-0.185037,0.343628,0.920696
EndFrame
SetLocation,15.150765,2.309332,-2.241771
SetRotation,0.980396,-0.000000,0.197035,0.067707,0.939106,-0.336892,-0.185037,0.343628,0.920696
EndFrame
SetLocation,15.251079,2.309332,-2.221610
SetRotation,0.980396,-0.000000,0.197035,0.067707,0.939106,-0.336892,-0.185037,0.343628,0.920696
EndFrame
SetLocation,15.350195,2.309332,-2.201690
SetRotation,0.980396,-0.000000,0.197035,0.067707,0.939106,-0.336892,-0.185037,0.343628,0.920696
EndFrame
SetLocation,15.448377,2.309332,-2.181958
SetRotation,0.980396,-0.000000,0.197035,0.067707,0.939106,-0.336892,-0.185037,0.343628,0.920696
EndFrame
SetLocation,15.545970,2.309332,-2.162344
SetRotation,0.980396,-0.000000,0.197035,0.067707,0.939106,-0.336892,-0.185037,0.343628,0.920696
EndFrame
SetLocation,15.642695,2.309332,-2.142905
SetRotation,0.980396,-0.000000,0.197035,0.067707,0.939106,-0.336892,-0.185037,0.343628,0.920696
EndFrame
SetLocation,15.739418,2.309332,-2.123466
SetRotation,0.980396,-0.000000,0.197035,0.067707,0.939106,-0.336892,-0.185037,0.343628,0.920696
EndFrame
SetLocation,15.836515,2.309332,-2.103952
SetRotation,0.980396,-0.000000,0.197035,0.067707,0.939106,-0.336892,-0.185037,0.343628,0.920696
EndFrame
SetLocation,15.934684,2.309332,-2.084223
SetRotation,0.980396,-0.000000,0.197035,0.067707,0.939106,-0.336892,-0.185037,0.343628,0.920696
EndFrame
SetLocation,16.034128,2.309332,-2.064237
SetRotation,0.980396,-0.000000,0.197035,0.067707,0.939106,-0.336892,-0.185037,0.343628,0.920696
EndFrame
SetLocation,16.134678,2.309332,-2.044029
SetRotation,0.980396,-0.000000,0.197035,0.067707,0.939106,-0.336892,-0.185037,0.343628,0.920696
EndFrame
SetLocation,16.236727,2.309332,-2.023519
SetRotation,0.980396,-0.000000,0.197035,0.067707,0.939106,-0.336892,-0.185037,0.343628,0.920696
EndFrame
SetLocation,16.340405,2.309332,-2.002683
SetRotation,0.980396,-0.000000,0.197035,0.067707,0.939106,-0.336892,-0.185037,0.343628,0.920696
EndFrame
SetLocation,16.445334,2.309332,-1.981595
SetRotation,0.980396,-0.000000,0.197035,0.067707,0.939106,-0.336892,-0.185037,0.343628,0.920696
EndFrame
SetLocation,16.550697,2.309332,-1.960419
SetRotation,0.980396,-0.000000,0.197035,0.067707,0.939106,-0.336892,-0.185037,0.343628,0.920696
EndFrame
SetLocation,16.656508,2.309332,-1.939154
SetRotation,0.980396,-0.000000,0.197035,0.067707,0.939106,-0.336892,-0.185037,0.343628,0.920696
EndFrame
SetLocation,16.762392,2.309332,-1.917874
SetRotation,0.980396,-0.000000,0.197035,0.067707,0.939106,-0.336892,-0.185037,0.343628,0.920696
EndFrame
SetLocation,16.867743,2.309332,-1.896701
SetRotation,0.980396,-0.000000,0.197035,0.067707,0.939106,-0.336892,-0.185037,0.343628,0.920696
EndFrame
SetLocation,16.972446,2.309332,-1.875658
SetRotation,0.980396,-0.000000,0.197035,0.067707,0.939106,-0.336892,-0.185037,0.343628,0.920696
EndFrame
SetLocation,17.076721,2.309332,-1.854702
SetRotation,0.980396,-0.000000,0.197035,0.067707,0.939106,-0.336892,-0.185037,0.343628,0.920696
EndFrame
SetLocation,17.180011,2.309332,-1.833943
SetRotation,0.980396,-0.000000,0.197035,0.067707,0.939106,-0.336892,-0.185037,0.343628,0.920696
EndFrame
SetLocation,17.282249,2.309332,-1.813396
SetRotation,0.980396,-0.000000,0.197035,0.067707,0.939106,-0.336892,-0.185037,0.343628,0.920696
EndFrame
SetLocation,17.383437,2.309332,-1.793059
SetRotation,0.980396,-0.000000,0.197035,0.067707,0.939106,-0.336892,-0.185037,0.343628,0.920696
EndFrame
SetLocation,17.483539,2.309332,-1.772941
SetRotation,0.980396,-0.000000,0.197035,0.067707,0.939106,-0.336892,-0.185037,0.343628,0.920696
EndFrame
SetLocation,17.564220,2.344190,-1.659559
SetRotation,0.980396,-0.000000,0.197035,0.067707,0.939106,-0.336892,-0.185037,0.343628,0.920696
EndFrame
SetLocation,17.643686,2.378522,-1.547884
SetRotation,0.980396,-0.000000,0.197035,0.067707,0.939106,-0.336892,-0.185037,0.343628,0.920696
EndFrame
SetLocation,17.722170,2.412431,-1.437590
SetRotation,0.980396,-0.000000,0.197035,0.067707,0.939106,-0.336892,-0.185037,0.343628,0.920696
EndFrame
SetLocation,17.807291,2.538942,-1.360578
SetRotation,0.980396,-0.000000,0.197035,0.067707,0.939106,-0.336892,-0.185037,0.343628,0.920696
EndFrame
SetLocation,17.892147,2.665059,-1.283807
SetRotation,0.980396,-0.000000,0.197035,0.067707,0.939106,-0.336892,-0.185037,0.343628,0.920696
EndFrame
SetLocation,17.977619,2.792093,-1.206478
SetRotation,0.980396,-0.000000,0.197035,0.067707,0.939106,-0.336892,-0.185037,0.343628,0.920696
EndFrame
SetLocation,18.065850,2.923226,-1.126653
SetRotation,0.980396,-0.000000,0.197035,0.067707,0.939106,-0.336892,-0.185037,0.343628,0.920696
EndFrame
SetLocation,18.156643,3.058167,-1.044510
SetRotation,0.980396,-0.000000,0.197035,0.067707,0.939106,-0.336892,-0.185037,0.343628,0.920696
EndFrame
SetLocation,18.251097,3.198550,-0.959055
SetRotation,0.980396,-0.000000,0.197035,0.067707,0.939106,-0.336892,-0.185037,0.343628,0.920696
EndFrame
SetLocation,18.349194,3.344347,-0.870304
SetRotation,0.980396,-0.000000,0.197035,0.067707,0.939106,-0.336892,-0.185037,0.343628,0.920696
EndFrame
SetLocation,18.450631,3.495107,-0.778531
SetRotation,0.980396,-0.000000,0.197035,0.067707,0.939106,-0.336892,-0.185037,0.343628,0.920696
EndFrame
SetLocation,18.554270,3.649142,-0.684765
SetRotation,0.980396,-0.000000,0.197035,0.067707,0.939106,-0.336892,-0.185037,0.343628,0.920696
EndFrame
SetLocation,18.658212,3.803626,-0.590726
SetRotation,0.980396,-0.000000,0.197035,0.067707,0.939106,-0.336892,-0.185037,0.343628,0.920696
EndFrame
SetLocation,18.762311,3.958343,-0.496545
SetRotation,0.980396,-0.000000,0.197035,0.067707,0.939106,-0.336892,-0.185037,0.343628,0.920696
EndFrame
SetLocation,18.864207,4.109785,-0.404358
SetRotation,0.980396,-0.000000,0.197035,0.067707,0.939106,-0.336892,-0.185037,0.343628,0.920696
EndFrame
SetLocation,18.956785,4.247381,-0.320599
SetRotation,0.980396,-0.000000,0.197035,0.067707,0.939106,-0.336892,-0.185037,0.343628,0.920696
EndFrame
SetLocation,19.032331,4.359660,-0.252251
SetRotation,0.980396,-0.000000,0.197035,0.067707,0.939106,-0.336892,-0.185037,0.343628,0.920696
EndFrame
SetLocation,19.067428,4.411824,-0.220498
SetRotation,0.980396,-0.000000,0.197035,0.067707,0.939106,-0.336892,-0.185037,0.343628,0.920696
EndFrame
SetLocation,19.102372,4.463759,-0.188883
SetRotation,0.980396,-0.000000,0.197035,0.067707,0.939106,-0.336892,-0.185037,0.343628,0.920696
EndFrame
SetLocation,19.126088,4.499007,-0.167426
SetRotation,0.980396,-0.000000,0.197035,0.067707,0.939106,-0.336892,-0.185037,0.343628,0.920696
EndFrame
SetLocation,19.158497,4.547175,-0.138105
SetRotation,0.980396,-0.000000,0.197035,0.067707,0.939106,-0.336892,-0.185037,0.343628,0.920696
EndFrame
SetLocation,19.188222,4.591353,-0.111212
SetRotation,0.980396,-0.000000,0.197035,0.067707,0.939106,-0.336892,-0.185037,0.343628,0.920696
EndFrame
SetLocation,19.216634,4.633580,-0.085507
SetRotation,0.980396,-0.000000,0.197035,0.067707,0.939106,-0.336892,-0.185037,0.343628,0.920696
EndFrame
SetLocation,19.244479,4.674966,-0.060315
SetRotation,0.980396,-0.000000,0.197035,0.067707,0.939106,-0.336892,-0.185037,0.343628,0.920696
EndFrame
SetLocation,19.271854,4.715652,-0.035548
SetRotation,0.980396,-0.000000,0.197035,0.067707,0.939106,-0.336892,-0.185037,0.343628,0.920696
EndFrame
SetLocation,19.298900,4.755849,-0.011079
SetRotation,0.980396,-0.000000,0.197035,0.067707,0.939106,-0.336892,-0.185037,0.343628,0.920696
EndFrame
SetLocation,19.325514,4.795405,0.013000
SetRotation,0.980396,-0.000000,0.197035,0.067707,0.939106,-0.336892,-0.185037,0.343628,0.920696
EndFrame
SetLocation,19.351977,4.834735,0.036942
SetRotation,0.980396,-0.000000,0.197035,0.067707,0.939106,-0.336892,-0.185037,0.343628,0.920696
EndFrame
SetLocation,19.378334,4.873908,0.060788
SetRotation,0.980396,-0.000000,0.197035,0.067707,0.939106,-0.336892,-0.185037,0.343628,0.920696
EndFrame
SetLocation,19.404442,4.912711,0.084408
SetRotation,0.980396,-0.000000,0.197035,0.067707,0.939106,-0.336892,-0.185037,0.343628,0.920696
EndFrame
SetLocation,19.430304,4.951148,0.107806
SetRotation,0.980396,-0.000000,0.197035,0.067707,0.939106,-0.336892,-0.185037,0.343628,0.920696
EndFrame
SetLocation,19.456330,4.989829,0.131352
SetRotation,0.980396,-0.000000,0.197035,0.067707,0.939106,-0.336892,-0.185037,0.343628,0.920696
EndFrame
SetLocation,19.482360,5.028517,0.154903
SetRotation,0.969216,-0.000000,0.246213,0.084606,0.939106,-0.333050,-0.231220,0.343628,0.910196
EndFrame
SetLocation,19.505532,5.064650,0.178096
SetRotation,0.956547,-0.000000,0.291579,0.100195,0.939106,-0.328696,-0.273823,0.343628,0.898299
EndFrame
SetLocation,19.527657,5.100900,0.202433
SetRotation,0.941704,-0.000000,0.336442,0.115611,0.939106,-0.323596,-0.315955,0.343628,0.884360
EndFrame
SetLocation,19.548257,5.136543,0.227363
SetRotation,0.925060,-0.000000,0.379822,0.130517,0.939106,-0.317876,-0.356693,0.343628,0.868729
EndFrame
SetLocation,19.646984,5.317747,0.358833
SetRotation,0.810472,-0.000000,0.585777,0.201289,0.939106,-0.278501,-0.550107,0.343628,0.761119
EndFrame
SetLocation,19.710797,5.495054,0.506514
SetRotation,0.654712,-0.000000,0.755878,0.259741,0.939106,-0.224977,-0.709850,0.343628,0.614844
EndFrame
SetLocation,19.739376,5.674226,0.666551
SetRotation,0.461971,-0.000000,0.886895,0.304762,0.939106,-0.158746,-0.832888,0.343628,0.433840
EndFrame
SetLocation,19.731083,5.835021,0.812211
SetRotation,0.267297,-0.000000,0.963614,0.331125,0.939106,-0.091851,-0.904936,0.343628,0.251020
EndFrame
SetLocation,19.694885,5.986507,0.944807
SetRotation,0.073030,-0.000000,0.997330,0.342710,0.939106,-0.025095,-0.936598,0.343628,0.068583
EndFrame
SetLocation,19.637734,6.127254,1.059010
SetRotation,-0.110172,-0.000000,0.993913,0.341536,0.939106,0.037858,-0.933389,0.343628,-0.103463
EndFrame
SetLocation,19.660233,6.218577,1.159343
SetRotation,-0.110172,-0.000000,0.993913,0.341536,0.939106,0.037858,-0.933389,0.343628,-0.103463
EndFrame
SetLocation,19.682411,6.308597,1.258246
SetRotation,-0.110172,-0.000000,0.993913,0.341536,0.939106,0.037858,-0.933389,0.343628,-0.103463
EndFrame
SetLocation,19.704379,6.397767,1.356215
SetRotation,-0.110172,-0.000000,0.993913,0.341536,0.939106,0.037858,-0.933389,0.343628,-0.103463
EndFrame
SetLocation,19.726202,6.486345,1.453533
SetRotation,-0.110172,-0.000000,0.993913,0.341536,0.939106,0.037858,-0.933389,0.343628,-0.103463
EndFrame
SetLocation,19.834653,6.541790,1.559235
SetRotation,-0.110172,-0.000000,0.993913,0.341536,0.939106,0.037858,-0.933389,0.343628,-0.103463
EndFrame
SetLocation,19.943070,6.597218,1.664905
SetRotation,-0.110172,-0.000000,0.993913,0.341536,0.939106,0.037858,-0.933389,0.343628,-0.103463
EndFrame
SetLocation,20.051463,6.652634,1.770551
SetRotation,-0.110172,-0.000000,0.993913,0.341536,0.939106,0.037858,-0.933389,0.343628,-0.103463
EndFrame
SetLocation,20.159999,6.708123,1.876336
SetRotation,-0.110172,-0.000000,0.993913,0.341536,0.939106,0.037858,-0.933389,0.343628,-0.103463
EndFrame
SetLocation,20.268387,6.763536,1.981978
SetRotation,-0.110172,-0.000000,0.993913,0.192741,0.981017,0.021365,-0.975045,0.193922,-0.108081
EndFrame
SetLocation,20.380459,6.846942,2.101016
SetRotation,-0.110172,-0.000000,0.993913,0.017840,0.999839,0.001978,-0.993752,0.017950,-0.110155
EndFrame
SetLocation,20.483980,6.959704,2.228036
SetRotation,-0.110172,-0.000000,0.993913,0.017840,0.999839,0.001978,-0.993752,0.017950,-0.110155
EndFrame
SetLocation,20.473335,7.074978,2.342855
SetRotation,-0.110172,-0.000000,0.993913,0.017840,0.999839,0.001978,-0.993752,0.017950,-0.110155
EndFrame
SetLocation,20.462753,7.189568,2.456993
SetRotation,-0.110172,-0.000000,0.993913,0.017840,0.999839,0.001978,-0.993752,0.017950,-0.110155
EndFrame
SetLocation,20.452192,7.303921,2.570894
SetRotation,-0.110172,-0.000000,0.993913,0.017840,0.999839,0.001978,-0.993752,0.017950,-0.110155
EndFrame
SetLocation,20.441711,7.417423,2.683947
SetRotation,-0.110172,-0.000000,0.993913,0.017840,0.999839,0.001978,-0.993752,0.017950,-0.110155
EndFrame
SetLocation,20.431264,7.530551,2.796629
SetRotation,-0.110172,-0.000000,0.993913,0.017840,0.999839,0.001978,-0.993752,0.017950,-0.110155
EndFrame
SetLocation,20.420802,7.643842,2.909473
SetRotation,-0.110172,-0.000000,0.993913,0.017840,0.999839,0.001978,-0.993752,0.017950,-0.110155
EndFrame
SetLocation,20.410350,7.757017,3.022200
SetRotation,-0.110172,-0.000000,0.993913,0.017840,0.999839,0.001978,-0.993752,0.017950,-0.110155
EndFrame
SetLocation,20.399919,7.869977,3.134714
SetRotation,-0.110172,-0.000000,0.993913,0.017840,0.999839,0.001978,-0.993752,0.017950,-0.110155
EndFrame
SetLocation,20.389447,7.983370,3.247659
SetRotation,-0.110172,-0.000000,0.993913,0.017840,0.999839,0.001978,-0.993752,0.017950,-0.110155
EndFrame
SetLocation,20.378962,8.096917,3.360758
SetRotation,-0.110172,-0.000000,0.993913,0.017840,0.999839,0.001978,-0.993752,0.017950,-0.110155
EndFrame
SetLocation,20.368493,8.210280,3.473673
SetRotation,-0.110172,-0.000000,0.993913,-0.169774,0.985303,-0.018819,-0.979305,-0.170814,-0.108553
EndFrame
SetLocation,20.212559,8.311139,3.580978
SetRotation,-0.110172,-0.000000,0.993913,-0.169774,0.985303,-0.018819,-0.979305,-0.170814,-0.108553
EndFrame
SetLocation,20.057025,8.411738,3.688006
SetRotation,-0.110172,-0.000000,0.993913,-0.169774,0.985303,-0.018819,-0.979305,-0.170814,-0.108553
EndFrame
SetLocation,19.901079,8.512605,3.795319
SetRotation,-0.110172,-0.000000,0.993913,-0.169774,0.985303,-0.018819,-0.979305,-0.170814,-0.108553
EndFrame
SetLocation,19.744839,8.613662,3.902834
SetRotation,-0.110172,-0.000000,0.993913,-0.169774,0.985303,-0.018819,-0.979305,-0.170814,-0.108553
EndFrame
SetLocation,19.588611,8.714710,4.010340
SetRotation,-0.110172,-0.000000,0.993913,-0.169774,0.985303,-0.018819,-0.979305,-0.170814,-0.108553
EndFrame
SetLocation,19.431396,8.816398,4.118526
SetRotation,-0.110172,-0.000000,0.993913,-0.169774,0.985303,-0.018819,-0.979305,-0.170814,-0.108553
EndFrame
SetLocation,19.273741,8.918369,4.227014
SetRotation,0.098809,-0.000000,0.995106,-0.169978,0.985303,0.016878,-0.980482,-0.170814,0.097357
EndFrame
SetLocation,19.128212,9.031080,4.380527
SetRotation,0.098809,-0.000000,0.995106,-0.169978,0.985303,0.016878,-0.980482,-0.170814,0.097357
EndFrame
SetLocation,18.982380,9.144025,4.534359
SetRotation,0.098809,-0.000000,0.995106,-0.169978,0.985303,0.016878,-0.980482,-0.170814,0.097357
EndFrame
SetLocation,18.836409,9.257077,4.688337
SetRotation,0.098809,-0.000000,0.995106,-0.169978,0.985303,0.016878,-0.980482,-0.170814,0.097357
EndFrame
SetLocation,18.690647,9.369968,4.842096
SetRotation,0.098809,-0.000000,0.995106,-0.169978,0.985303,0.016878,-0.980482,-0.170814,0.097357
EndFrame
SetLocation,18.545096,9.482696,4.995632
SetRotation,0.098809,-0.000000,0.995106,-0.169978,0.985303,0.016878,-0.980482,-0.170814,0.097357
EndFrame
SetLocation,18.399485,9.595469,5.149230
SetRotation,0.324531,-0.000000,0.945875,-0.161569,0.985303,0.055434,-0.931974,-0.170814,0.319761
EndFrame
SetLocation,18.292228,9.709069,5.333485
SetRotation,0.324531,-0.000000,0.945875,-0.161569,0.985303,0.055434,-0.931974,-0.170814,0.319761
EndFrame
SetLocation,18.186911,9.820614,5.514408
SetRotation,0.324531,-0.000000,0.945875,-0.161569,0.985303,0.055434,-0.931974,-0.170814,0.319761
EndFrame
SetLocation,18.083138,9.930524,5.692678
SetRotation,0.324531,-0.000000,0.945875,-0.161569,0.985303,0.055434,-0.931974,-0.170814,0.319761
EndFrame
SetLocation,17.981061,10.038637,5.868033
SetRotation,0.324531,-0.000000,0.945875,-0.161569,0.985303,0.055434,-0.931974,-0.170814,0.319761
EndFrame
SetLocation,17.880614,10.145024,6.040589
SetRotation,0.324531,-0.000000,0.945875,-0.161569,0.985303,0.055434,-0.931974,-0.170814,0.319761
EndFrame
SetLocation,17.781825,10.249656,6.210297
SetRotation,0.324531,-0.000000,0.945875,-0.161569,0.985303,0.055434,-0.931974,-0.170814,0.319761
EndFrame
SetLocation,17.684480,10.352757,6.377524
SetRotation,0.324531,-0.000000,0.945875,-0.161569,0.985303,0.055434,-0.931974,-0.170814,0.319761
EndFrame
SetLocation,17.588800,10.454095,6.541890
SetRotation,0.324531,-0.000000,0.945875,-0.161569,0.985303,0.055434,-0.931974,-0.170814,0.319761
EndFrame
SetLocation,17.494828,10.553625,6.703324
SetRotation,0.324531,-0.000000,0.945875,-0.161569,0.985303,0.055434,-0.931974,-0.170814,0.319761
EndFrame
SetLocation,17.402687,10.651214,6.861610
SetRotation,0.324531,-0.000000,0.945875,-0.161569,0.985303,0.055434,-0.931974,-0.170814,0.319761
EndFrame
SetLocation,17.311953,10.747314,7.017480
SetRotation,0.324531,-0.000000,0.945875,-0.161569,0.985303,0.055434,-0.931974,-0.170814,0.319761
EndFrame
SetLocation,17.222517,10.842039,7.171121
SetRotation,0.324531,-0.000000,0.945875,-0.161569,0.985303,0.055434,-0.931974,-0.170814,0.319761
EndFrame
SetLocation,17.135111,10.934614,7.321275
SetRotation,0.324531,-0.000000,0.945875,-0.161569,0.985303,0.055434,-0.931974,-0.170814,0.319761
EndFrame
SetLocation,17.049575,11.025209,7.468215
SetRotation,0.324531,-0.000000,0.945875,-0.161569,0.985303,0.055434,-0.931974,-0.170814,0.319761
EndFrame
SetLocation,16.965923,11.113807,7.611919
SetRotation,0.324531,-0.000000,0.945875,-0.161569,0.985303,0.055434,-0.931974,-0.170814,0.319761
EndFrame
SetLocation,16.883966,11.200611,7.752712
SetRotation,0.151702,-0.000000,0.988426,-0.168837,0.985303,0.025913,-0.973900,-0.170814,0.149473
EndFrame
SetLocation,16.775653,11.289629,7.879908
SetRotation,-0.030475,-0.000000,0.999536,-0.170735,0.985303,-0.005206,-0.984846,-0.170814,-0.030027
EndFrame
SetLocation,16.643434,11.380427,7.987407
SetRotation,-0.215208,-0.000000,0.976568,-0.166812,0.985303,-0.036761,-0.962216,-0.170814,-0.212045
EndFrame
SetLocation,16.499551,11.467607,8.065304
SetRotation,-0.385641,-0.000000,0.922649,-0.157602,0.985303,-0.065873,-0.909089,-0.170814,-0.379973
EndFrame
SetLocation,16.364710,11.543228,8.109572
SetRotation,-0.523680,-0.000000,0.851915,-0.145519,0.985303,-0.089452,-0.839394,-0.170814,-0.515984
EndFrame
SetLocation,16.311044,11.622244,8.170718
SetRotation,-0.632886,-0.000000,0.774245,-0.132252,0.985303,-0.108106,-0.762866,-0.170814,-0.623585
EndFrame
SetLocation,16.253548,11.696284,8.220775
SetRotation,-0.724935,-0.000000,0.688818,-0.117660,0.985303,-0.123829,-0.678694,-0.170814,-0.714281
EndFrame
SetLocation,16.193693,11.766277,8.260910
SetRotation,-0.801461,-0.000000,0.598047,-0.102155,0.985303,-0.136901,-0.589258,-0.170814,-0.789682
EndFrame
SetLocation,16.131507,11.834084,8.292645
SetRotation,-0.864834,-0.000000,0.502059,-0.085759,0.985303,-0.147726,-0.494680,-0.170814,-0.852123
EndFrame
SetLocation,16.068989,11.898885,8.315949
SetRotation,-0.914715,-0.000000,0.404100,-0.112312,0.960601,-0.254227,-0.388179,-0.277930,-0.878676
EndFrame
SetLocation,15.991186,11.971656,8.327302
SetRotation,-0.958442,-0.000000,0.285289,-0.113281,0.917787,-0.380572,-0.261834,-0.397073,-0.879645
EndFrame
SetLocation,15.920093,12.087076,8.396154
SetRotation,-0.989862,-0.000000,0.142030,-0.074856,0.849836,-0.521704,-0.120702,-0.527047,-0.841221
EndFrame
SetLocation,15.825288,12.225352,8.442506
SetRotation,-0.999677,-0.000000,-0.025429,0.016826,0.749781,-0.661472,0.019066,-0.661686,-0.749538
EndFrame
SetLocation,15.728943,12.361080,8.448529
SetRotation,-0.982707,-0.000000,-0.185167,0.143172,0.634159,-0.759832,0.117426,-0.773202,-0.623193
EndFrame
SetLocation,15.630988,12.505138,8.415589
SetRotation,-0.936803,-0.000000,-0.349858,0.304351,0.493182,-0.814949,0.172543,-0.869926,-0.462014
EndFrame
SetLocation,15.544956,12.650817,8.340480
SetRotation,-0.936803,-0.000000,-0.349858,0.304351,0.493182,-0.814949,0.172543,-0.869926,-0.462014
EndFrame
SetLocation,15.458841,12.796636,8.265298
SetRotation,-0.936803,-0.000000,-0.349858,0.304351,0.493182,-0.814949,0.172543,-0.869926,-0.462014
EndFrame
SetLocation,15.372652,12.942582,8.190052
SetRotation,-0.936803,-0.000000,-0.349858,0.304351,0.493182,-0.814949,0.172543,-0.869926,-0.462014
EndFrame
SetLocation,15.286669,13.088177,8.114985
SetRotation,-0.936803,-0.000000,-0.349858,0.304351,0.493182,-0.814949,0.172543,-0.869926,-0.462014
EndFrame
SetLocation,15.201072,13.233119,8.040256
SetRotation,-0.936803,-0.000000,-0.349858,0.304351,0.493182,-0.814949,0.172543,-0.869926,-0.462014
EndFrame
SetLocation,15.215023,13.377397,8.002899
SetRotation,-0.936803,-0.000000,-0.349858,0.304351,0.493182,-0.814949,0.172543,-0.869926,-0.462014
EndFrame
SetLocation,15.228999,13.521926,7.965478
SetRotation,-0.936803,-0.000000,-0.349858,0.304351,0.493182,-0.814949,0.172543,-0.869926,-0.462014
EndFrame
SetLocation,15.341266,13.665134,7.965154
SetRotation,-0.936803,-0.000000,-0.349858,0.304351,0.493182,-0.814949,0.172543,-0.869926,-0.462014
EndFrame
SetLocation,15.470519,13.716493,7.916720
SetRotation,-0.936803,-0.000000,-0.349858,0.304351,0.493182,-0.814949,0.172543,-0.869926,-0.462014
EndFrame
SetLocation,15.598230,13.767240,7.868864
SetRotation,-0.936803,-0.000000,-0.349858,0.270312,0.634853,-0.723805,0.222108,-0.772633,-0.594732
EndFrame
SetLocation,15.727777,13.754752,7.781061
SetRotation,-0.936803,-0.000000,-0.349858,0.233674,0.744241,-0.625701,0.260379,-0.667911,-0.697207
EndFrame
SetLocation,15.846783,13.761100,7.700131
SetRotation,-0.936803,-0.000000,-0.349858,0.195319,0.829653,-0.522998,0.290261,-0.558280,-0.777221
EndFrame
SetLocation,15.956906,13.782110,7.626553
SetRotation,-0.936803,-0.000000,-0.349858,0.156208,0.894789,-0.418273,0.313049,-0.446490,-0.838240
EndFrame
SetLocation,16.050260,13.811874,7.566357
SetRotation,-0.936803,-0.000000,-0.349858,0.156208,0.894789,-0.418273,0.313049,-0.446490,-0.838240
EndFrame
SetLocation,16.142827,13.841388,7.506667
SetRotation,-0.936803,-0.000000,-0.349858,0.156208,0.894789,-0.418273,0.313049,-0.446490,-0.838240
EndFrame
SetLocation,16.235152,13.870824,7.447134
SetRotation,-0.936803,-0.000000,-0.349858,0.156208,0.894789,-0.418273,0.313049,-0.446490,-0.838240
EndFrame
SetLocation,16.326689,13.900009,7.388109
SetRotation,-0.936803,-0.000000,-0.349858,0.156208,0.894789,-0.418273,0.313049,-0.446490,-0.838240
EndFrame
SetLocation,16.417895,13.929089,7.329298
SetRotation,-0.936803,-0.000000,-0.349858,0.156208,0.894789,-0.418273,0.313049,-0.446490,-0.838240
EndFrame
SetLocation,16.508321,13.957919,7.270990
SetRotation,-0.936803,-0.000000,-0.349858,0.156208,0.894789,-0.418273,0.313049,-0.446490,-0.838240
EndFrame
SetLocation,16.598331,13.986618,7.212949
SetRotation,-0.936803,-0.000000,-0.349858,0.156208,0.894789,-0.418273,0.313049,-0.446490,-0.838240
EndFrame
SetLocation,16.687242,14.014966,7.155618
SetRotation,-0.936803,-0.000000,-0.349858,0.156208,0.894789,-0.418273,0.313049,-0.446490,-0.838240
EndFrame
SetLocation,16.775988,14.043261,7.098392
SetRotation,-0.936803,-0.000000,-0.349858,0.156208,0.894789,-0.418273,0.313049,-0.446490,-0.838240
EndFrame
SetLocation,16.864488,14.071477,7.041326
SetRotation,-0.936803,-0.000000,-0.349858,0.156208,0.894789,-0.418273,0.313049,-0.446490,-0.838240
EndFrame
SetLocation,16.951867,14.099337,6.984982
SetRotation,-0.936803,-0.000000,-0.349858,0.187840,0.843643,-0.502973,0.295155,-0.536904,-0.790327
EndFrame
SetLocation,17.048934,14.120307,6.920482
SetRotation,-0.936803,-0.000000,-0.349858,0.220285,0.776885,-0.589851,0.271799,-0.629643,-0.727788
EndFrame
SetLocation,17.153842,14.131118,6.849428
SetRotation,-0.936803,-0.000000,-0.349858,0.220285,0.776885,-0.589851,0.271799,-0.629643,-0.727788
EndFrame
SetLocation,17.258227,14.141875,6.778728
SetRotation,-0.936803,-0.000000,-0.349858,0.220285,0.776885,-0.589851,0.271799,-0.629643,-0.727788
EndFrame
SetLocation,17.361883,14.152556,6.708523
SetRotation,-0.936803,-0.000000,-0.349858,0.220285,0.776885,-0.589851,0.271799,-0.629643,-0.727788
EndFrame
SetLocation,17.465413,14.163224,6.638402
SetRotation,-0.936803,-0.000000,-0.349858,0.220285,0.776885,-0.589851,0.271799,-0.629643,-0.727788
EndFrame
SetLocation,17.568653,14.173863,6.568478
SetRotation,-0.972142,-0.000000,-0.234391,0.147582,0.776885,-0.612102,0.182095,-0.629643,-0.755243
EndFrame
SetLocation,17.665510,14.184818,6.484184
SetRotation,-0.993715,-0.000000,-0.111936,0.070479,0.776885,-0.625686,0.086961,-0.629643,-0.772003
EndFrame
SetLocation,17.753929,14.196127,6.385427
SetRotation,-0.993715,-0.000000,-0.111936,0.070479,0.776885,-0.625686,0.086961,-0.629643,-0.772003
EndFrame
SetLocation,17.842262,14.207426,6.286767
SetRotation,-0.993715,-0.000000,-0.111936,0.070479,0.776885,-0.625686,0.086961,-0.629643,-0.772003
EndFrame
SetLocation,17.854256,14.218643,6.180286
SetRotation,-0.993715,-0.000000,-0.111936,0.070479,0.776885,-0.625686,0.086961,-0.629643,-0.772003
EndFrame
SetLocation,17.941819,14.229843,6.082484
SetRotation,-0.993715,-0.000000,-0.111936,0.070479,0.776885,-0.625686,0.086961,-0.629643,-0.772003
EndFrame
SetLocation,17.953780,14.241030,5.976301
SetRotation,-0.993715,-0.000000,-0.111936,0.070479,0.776885,-0.625686,0.086961,-0.629643,-0.772003
EndFrame
SetLocation,17.959119,14.299882,5.928902
SetRotation,-0.993715,-0.000000,-0.111936,0.070479,0.776885,-0.625686,0.086961,-0.629643,-0.772003
EndFrame
SetLocation,17.964437,14.358492,5.881699
SetRotation,-0.993715,-0.000000,-0.111936,0.070479,0.776885,-0.625686,0.086961,-0.629643,-0.772003
EndFrame
SetLocation,17.969749,14.417049,5.834539
SetRotation,-0.993715,-0.000000,-0.111936,0.070479,0.776885,-0.625686,0.086961,-0.629643,-0.772003
EndFrame
SetLocation,17.975059,14.475578,5.787401
SetRotation,-0.993715,-0.000000,-0.111936,0.070479,0.776885,-0.625686,0.086961,-0.629643,-0.772003
EndFrame
SetLocation,17.973826,14.580746,5.798341
SetRotation,-0.993715,-0.000000,-0.111936,0.070479,0.776885,-0.625686,0.086961,-0.629643,-0.772003
EndFrame
SetLocation,17.972603,14.685137,5.809200
SetRotation,-0.993715,-0.000000,-0.111936,0.080703,0.692961,-0.716444,0.077567,-0.720975,-0.688606
EndFrame
SetLocation,17.972831,14.788125,5.807173
SetRotation,-0.993715,-0.000000,-0.111936,0.089530,0.600224,-0.794805,0.067186,-0.799832,-0.596452
EndFrame
SetLocation,17.974498,14.892524,5.792382
SetRotation,-0.993715,-0.000000,-0.111936,0.097191,0.496083,-0.862819,0.055529,-0.868275,-0.492965
EndFrame
SetLocation,17.977771,14.999739,5.763318
SetRotation,-0.993715,-0.000000,-0.111936,0.097191,0.496083,-0.862819,0.055529,-0.868275,-0.492965
EndFrame
SetLocation,17.981019,15.106104,5.734484
SetRotation,-0.993715,-0.000000,-0.111936,0.097191,0.496083,-0.862819,0.055529,-0.868275,-0.492965
EndFrame
SetLocation,17.984259,15.212186,5.705727
SetRotation,-0.993715,-0.000000,-0.111936,0.097191,0.496083,-0.862819,0.055529,-0.868275,-0.492965
EndFrame
SetLocation,17.987497,15.318226,5.676982
SetRotation,-0.993715,-0.000000,-0.111936,0.103568,0.379363,-0.919433,0.042464,-0.925248,-0.376979
EndFrame
SetLocation,17.992539,15.425874,5.632222
SetRotation,-0.993715,-0.000000,-0.111936,0.108425,0.248489,-0.962547,0.027815,-0.968635,-0.246928
EndFrame
SetLocation,17.999820,15.535821,5.567578
SetRotation,-0.993715,-0.000000,-0.111936,0.111376,0.099890,-0.988745,0.011181,-0.994999,-0.099262
EndFrame
SetLocation,18.009702,15.643802,5.479854
SetRotation,-0.993715,-0.000000,-0.111936,0.111376,0.099890,-0.988745,0.011181,-0.994999,-0.099262
EndFrame
SetLocation,18.019514,15.751025,5.392746
SetRotation,-0.993715,-0.000000,-0.111936,0.111376,0.099890,-0.988745,0.011181,-0.994999,-0.099262
EndFrame
SetLocation,18.029304,15.858010,5.305832
SetRotation,-0.993715,-0.000000,-0.111936,0.111376,0.099890,-0.988745,0.011181,-0.994999,-0.099262
EndFrame
SetLocation,18.039049,15.964498,5.219321
SetRotation,-0.993715,-0.000000,-0.111936,0.111716,-0.062549,-0.991770,-0.007001,-0.998042,0.062156
EndFrame
SetLocation,18.051593,16.063348,5.107957
SetRotation,-0.993715,-0.000000,-0.111936,0.108746,-0.237018,-0.965400,-0.026531,-0.971505,0.235528
EndFrame
SetLocation,18.066676,16.145237,4.974065
SetRotation,-0.993715,-0.000000,-0.111936,0.108746,-0.237018,-0.965400,-0.026531,-0.971505,0.235528
EndFrame
SetLocation,18.081752,16.227092,4.840227
SetRotation,-0.993715,-0.000000,-0.111936,0.108746,-0.237018,-0.965400,-0.026531,-0.971505,0.235528
EndFrame
SetLocation,18.096850,16.309069,4.706190
SetRotation,-0.993715,-0.000000,-0.111936,0.108746,-0.237018,-0.965400,-0.026531,-0.971505,0.235528
EndFrame
SetLocation,18.247810,17.128707,3.366036
SetRotation,-0.993715,-0.000000,-0.111936,0.108746,-0.237018,-0.965400,-0.026531,-0.971505,0.235528
EndFrame
SetLocation,18.399024,17.949727,2.023622
SetRotation,-0.993715,-0.000000,-0.111936,0.108746,-0.237018,-0.965400,-0.026531,-0.971505,0.235528
EndFrame
SetLocation,18.427440,18.990275,1.771355
SetRotation,-0.993715,-0.000000,-0.111936,0.108746,-0.237018,-0.965400,-0.026531,-0.971505,0.235528
EndFrame
SetLocation,18.454556,19.983233,1.530626
SetRotation,-0.993715,-0.000000,-0.111936,0.108746,-0.237018,-0.965400,-0.026531,-0.971505,0.235528
EndFrame
SetLocation,18.480492,20.932963,1.300377
SetRotation,-0.993715,-0.000000,-0.111936,0.108746,-0.237018,-0.965400,-0.026531,-0.971505,0.235528
EndFrame
SetLocation,18.505258,21.839818,1.080522
SetRotation,-0.993715,-0.000000,-0.111936,0.108746,-0.237018,-0.965400,-0.026531,-0.971505,0.235528
EndFrame
SetLocation,18.529150,22.714728,0.868412
SetRotation,-0.993715,-0.000000,-0.111936,0.108746,-0.237018,-0.965400,-0.026531,-0.971505,0.235528
EndFrame
SetLocation,18.552127,23.556105,0.664432
SetRotation,-0.993715,-0.000000,-0.111936,0.108746,-0.237018,-0.965400,-0.026531,-0.971505,0.235528
EndFrame
SetLocation,18.574311,24.368411,0.467499
SetRotation,-0.993715,-0.000000,-0.111936,0.108746,-0.237018,-0.965400,-0.026531,-0.971505,0.235528
EndFrame
SetLocation,18.595559,25.146468,0.278870
SetRotation,-0.993715,-0.000000,-0.111936,0.108746,-0.237018,-0.965400,-0.026531,-0.971505,0.235528
EndFrame
SetLocation,18.616317,25.906603,0.094585
SetRotation,-0.993715,-0.000000,-0.111936,0.108746,-0.237018,-0.965400,-0.026531,-0.971505,0.235528
EndFrame
SetLocation,18.636489,26.645266,-0.084493
SetRotation,-0.993715,-0.000000,-0.111936,0.108746,-0.237018,-0.965400,-0.026531,-0.971505,0.235528
EndFrame
SetLocation,18.656042,27.361252,-0.258075
SetRotation,-0.993715,-0.000000,-0.111936,0.108746,-0.237018,-0.965400,-0.026531,-0.971505,0.235528
EndFrame
SetLocation,18.675253,28.064735,-0.428624
SetRotation,-0.993715,-0.000000,-0.111936,0.108746,-0.237018,-0.965400,-0.026531,-0.971505,0.235528
EndFrame
SetLocation,18.693976,28.750327,-0.594837
SetRotation,-0.993715,-0.000000,-0.111936,0.108746,-0.237018,-0.965400,-0.026531,-0.971505,0.235528
EndFrame
SetLocation,18.712422,29.425788,-0.758593
SetRotation,-0.993715,-0.000000,-0.111936,0.108746,-0.237018,-0.965400,-0.026531,-0.971505,0.235528
EndFrame
SetLocation,18.730613,30.091903,-0.920084
SetRotation,-0.993715,-0.000000,-0.111936,0.108746,-0.237018,-0.965400,-0.026531,-0.971505,0.235528
EndFrame
SetLocation,18.748314,30.740087,-1.077227
SetRotation,-0.993715,-0.000000,-0.111936,0.108746,-0.237018,-0.965400,-0.026531,-0.971505,0.235528
EndFrame
SetLocation,18.765723,31.377562,-1.231775
SetRotation,-0.993715,-0.000000,-0.111936,0.108746,-0.237018,-0.965400,-0.026531,-0.971505,0.235528
EndFrame
SetLocation,18.782762,32.001527,-1.383046
SetRotation,-0.993715,-0.000000,-0.111936,0.108746,-0.237018,-0.965400,-0.026531,-0.971505,0.235528
EndFrame
SetLocation,18.799471,32.613359,-1.531377
SetRotation,-0.993715,-0.000000,-0.111936,0.108746,-0.237018,-0.965400,-0.026531,-0.971505,0.235528
EndFrame
SetLocation,18.815912,33.215412,-1.677336
SetRotation,-0.993715,-0.000000,-0.111936,0.108746,-0.237018,-0.965400,-0.026531,-0.971505,0.235528
EndFrame
SetLocation,18.817520,33.274274,-1.691607
SetRotation,-0.993715,-0.000000,-0.111936,0.108746,-0.237018,-0.965400,-0.026531,-0.971505,0.235528
EndFrame
SetLocation,18.819125,33.333061,-1.705859
SetRotation,-0.993715,-0.000000,-0.111936,0.108746,-0.237018,-0.965400,-0.026531,-0.971505,0.235528
EndFrame
SetLocation,18.820723,33.391576,-1.720045
SetRotation,-0.993715,-0.000000,-0.111936,0.108746,-0.237018,-0.965400,-0.026531,-0.971505,0.235528
EndFrame
SetLocation,18.822318,33.449993,-1.734207
SetRotation,-0.993715,-0.000000,-0.111936,0.108746,-0.237018,-0.965400,-0.026531,-0.971505,0.235528
EndFrame
SetLocation,18.823909,33.508249,-1.748331
SetRotation,-0.993715,-0.000000,-0.111936,0.108746,-0.237018,-0.965400,-0.026531,-0.971505,0.235528
EndFrame
SetLocation,18.825498,33.566409,-1.762431
SetRotation,-0.993715,-0.000000,-0.111936,0.108746,-0.237018,-0.965400,-0.026531,-0.971505,0.235528
EndFrame
SetLocation,18.827084,33.624516,-1.776518
SetRotation,-0.999926,-0.000000,-0.012147,0.011801,-0.237018,-0.971434,-0.002879,-0.971505,0.237000
EndFrame
SetLocation,18.827256,33.682467,-1.790655
SetRotation,-0.996165,-0.000000,0.087494,-0.085001,-0.237018,-0.967780,0.020738,-0.971505,0.236109
EndFrame
SetLocation,18.826027,33.740039,-1.804647
SetRotation,-0.996165,-0.000000,0.087494,-0.085001,-0.237018,-0.967780,0.020738,-0.971505,0.236109
EndFrame
SetLocation,18.824802,33.797456,-1.818602
SetRotation,-0.996165,-0.000000,0.087494,-0.085001,-0.237018,-0.967780,0.020738,-0.971505,0.236109
EndFrame
SetLocation,18.823579,33.854755,-1.832527
SetRotation,-0.996165,-0.000000,0.087494,-0.085001,-0.237018,-0.967780,0.020738,-0.971505,0.236109
EndFrame
SetLocation,18.822358,33.911941,-1.846425
SetRotation,-0.996165,-0.000000,0.087494,-0.085001,-0.237018,-0.967780,0.020738,-0.971505,0.236109
EndFrame
SetLocation,18.821135,33.969228,-1.860348
SetRotation,-0.996165,-0.000000,0.087494,-0.085001,-0.237018,-0.967780,0.020738,-0.971505,0.236109
EndFrame
SetLocation,18.819917,34.026284,-1.874215
SetRotation,-0.996165,-0.000000,0.087494,-0.085001,-0.237018,-0.967780,0.020738,-0.971505,0.236109
EndFrame
SetLocation,18.818686,34.083970,-1.888234
SetRotation,-0.996165,-0.000000,0.087494,-0.085001,-0.237018,-0.967780,0.020738,-0.971505,0.236109
EndFrame
SetLocation,18.817473,34.140764,-1.902037
SetRotation,-0.996165,-0.000000,0.087494,-0.085001,-0.237018,-0.967780,0.020738,-0.971505,0.236109
EndFrame
SetLocation,18.816261,34.197575,-1.915844
SetRotation,-0.996165,-0.000000,0.087494,-0.085001,-0.237018,-0.967780,0.020738,-0.971505,0.236109
EndFrame
SetLocation,18.815052,34.254180,-1.929601
SetRotation,-0.996165,-0.000000,0.087494,-0.085001,-0.237018,-0.967780,0.020738,-0.971505,0.236109
EndFrame
SetLocation,18.813842,34.310872,-1.943379
SetRotation,-0.996165,-0.000000,0.087494,-0.085001,-0.237018,-0.967780,0.020738,-0.971505,0.236109
EndFrame
SetLocation,18.812636,34.367406,-1.957119
SetRotation,-0.996165,-0.000000,0.087494,-0.085001,-0.237018,-0.967780,0.020738,-0.971505,0.236109
EndFrame
SetLocation,18.811435,34.423660,-1.970791
SetRotation,-0.996165,-0.000000,0.087494,-0.085001,-0.237018,-0.967780,0.020738,-0.971505,0.236109
EndFrame
SetLocation,18.810232,34.480017,-1.984487
SetRotation,-0.996165,-0.000000,0.087494,-0.085001,-0.237018,-0.967780,0.020738,-0.971505,0.236109
EndFrame
SetLocation,18.809035,34.536088,-1.998114
SetRotation,-0.999960,-0.000000,-0.008912,0.008658,-0.237018,-0.971467,-0.002112,-0.971505,0.237008
EndFrame
SetLocation,18.809158,34.592631,-2.011909
SetRotation,-0.999960,-0.000000,-0.008912,0.008658,-0.237018,-0.971467,-0.002112,-0.971505,0.237008
EndFrame
SetLocation,18.809280,34.648903,-2.025637
SetRotation,-0.999960,-0.000000,-0.008912,0.008658,-0.237018,-0.971467,-0.002112,-0.971505,0.237008
EndFrame
SetLocation,18.809402,34.704969,-2.039314
SetRotation,-0.999960,-0.000000,-0.008912,0.008658,-0.237018,-0.971467,-0.002112,-0.971505,0.237008
EndFrame
SetLocation,18.809524,34.761161,-2.053023
SetRotation,-0.999960,-0.000000,-0.008912,0.008658,-0.237018,-0.971467,-0.002112,-0.971505,0.237008
EndFrame
SetLocation,18.809646,34.817096,-2.066669
SetRotation,-0.999960,-0.000000,-0.008912,0.008658,-0.237018,-0.971467,-0.002112,-0.971505,0.237008
EndFrame
SetLocation,18.809767,34.872767,-2.080251
SetRotation,-0.999960,-0.000000,-0.008912,0.008658,-0.237018,-0.971467,-0.002112,-0.971505,0.237008
EndFrame
SetLocation,18.809888,34.928353,-2.093811
SetRotation,-0.999960,-0.000000,-0.008912,0.008658,-0.237018,-0.971467,-0.002112,-0.971505,0.237008
EndFrame
SetLocation,18.810008,34.983811,-2.107341
SetRotation,-0.999960,-0.000000,-0.008912,0.008658,-0.237018,-0.971467,-0.002112,-0.971505,0.237008
EndFrame
SetLocation,18.810129,35.039193,-2.120852
SetRotation,-0.999960,-0.000000,-0.008912,0.008658,-0.237018,-0.971467,-0.002112,-0.971505,0.237008
EndFrame
SetLocation,18.810249,35.094629,-2.134376
SetRotation,-0.999960,-0.000000,-0.008912,0.008658,-0.237018,-0.971467,-0.002112,-0.971505,0.237008
EndFrame
SetLocation,18.810369,35.149810,-2.147838
SetRotation,-0.999960,-0.000000,-0.008912,0.008658,-0.237018,-0.971467,-0.002112,-0.971505,0.237008
EndFrame
SetLocation,18.810489,35.204854,-2.161266
SetRotation,-0.999960,-0.000000,-0.008912,0.008658,-0.237018,-0.971467,-0.002112,-0.971505,0.237008
EndFrame
SetLocation,18.810609,35.259869,-2.174688
SetRotation,-0.999960,-0.000000,-0.008912,0.008658,-0.237018,-0.971467,-0.002112,-0.971505,0.237008
EndFrame
SetLocation,18.810728,35.314858,-2.188103
SetRotation,-0.999960,-0.000000,-0.008912,0.008658,-0.237018,-0.971467,-0.002112,-0.971505,0.237008
EndFrame
SetLocation,18.810848,35.369835,-2.201515
SetRotation,-0.999960,-0.000000,-0.008912,0.008658,-0.237018,-0.971467,-0.002112,-0.971505,0.237008
EndFrame
SetLocation,18.810967,35.424629,-2.214883
SetRotation,-0.999960,-0.000000,-0.008912,0.008658,-0.237018,-0.971467,-0.002112,-0.971505,0.237008
EndFrame
SetLocation,18.811086,35.479298,-2.228220
SetRotation,-0.999960,-0.000000,-0.008912,0.008658,-0.237018,-0.971467,-0.002112,-0.971505,0.237008
EndFrame
SetLocation,18.811204,35.533902,-2.241541
SetRotation,-0.999960,-0.000000,-0.008912,0.008658,-0.237018,-0.971467,-0.002112,-0.971505,0.237008
EndFrame
SetLocation,18.811323,35.588400,-2.254836
SetRotation,-0.999960,-0.000000,-0.008912,0.008658,-0.237018,-0.971467,-0.002112,-0.971505,0.237008
EndFrame
SetLocation,18.811323,35.588400,-2.254836
SetRotation,-0.999960,-0.000000,-0.008912,0.008658,-0.237018,-0.971467,-0.002112,-0.971505,0.237008
EndFrame
SetLocation,18.811323,35.588400,-2.254836
SetRotation,-0.999960,-0.000000,-0.008912,0.008658,-0.237018,-0.971467,-0.002112,-0.971505,0.237008
EndFrame
SetLocation,18.811323,35.588400,-2.254836
SetRotation,-0.999960,-0.000000,-0.008912,0.008658,-0.237018,-0.971467,-0.002112,-0.971505,0.237008
EndFrame
SetLocation,18.811323,35.588400,-2.254836
SetRotation,-0.999960,-0.000000,-0.008912,0.008658,-0.237018,-0.971467,-0.002112,-0.971505,0.237008
EndFrame
SetLocation,18.811323,35.588400,-2.254836
SetRotation,-0.999960,-0.000000,-0.008912,0.008658,-0.237018,-0.971467,-0.002112,-0.971505,0.237008
EndFrame
SetLocation,18.811323,35.588400,-2.254836
SetRotation,-0.999960,-0.000000,-0.008912,0.008658,-0.237018,-0.971467,-0.002112,-0.971505,0.237008
EndFrame
SetLocation,18.811323,35.588400,-2.254836
SetRotation,-0.999960,-0.000000,-0.008912,0.008658,-0.237018,-0.971467,-0.002112,-0.971505,0.237008
EndFrame
